,sub_name,count
0,pics,789286
1,atheism,167785
2,politics,273116
3,science,95913
4,bicycling,20178
5,business,16534
6,programming,74783
7,AskReddit,1498048
8,funny,263920
9,food,32771
10,technology,75232
11,trees,168358
12,chicago,5827
13,shittyadvice,27585
14,leagueoflegends,13218
15,reddit.com,510050
16,news,22337
17,wallpapers,663
18,IAmA,310318
19,xbox360,2896
20,lgbt,16751
21,geek,26790
22,books,22977
23,OkCupid,1365
24,DoesAnybodyElse,70916
25,ottawa,1131
26,videos,78617
27,gaming,317186
28,Anarchism,11769
29,starcraft2,1441
30,WeAreTheMusicMakers,11099
31,TwoXChromosomes,49831
32,craigslist,74
33,UniversityofReddit,6338
34,humor,11415
35,canada,35640
36,itookapicture,10748
37,baseball,4869
38,secretsanta,1288
39,WTF,296405
40,hockey,7926
41,soccer,43087
42,web_design,10289
43,wow,18415
44,promos,10354
45,windowshots,1211
46,math,9783
47,Economics,32631
48,offbeat,44201
49,starcraft,91293
50,apple,27011
51,Christianity,11094
52,comics,31025
53,worldnews,100297
54,gonewild,65356
55,Android,45457
56,dubstep,5758
57,Guitar,8171
58,badcompany2,7221
59,todayilearned,61867
60,skeptic,4763
61,Music,68132
62,guns,29287
63,lists,348
64,sports,24205
65,Fitness,47984
66,worldpolitics,4962
67,movies,52865
68,iphone,8710
69,tf2,35607
70,circlejerk,15088
71,unitedkingdom,6283
72,MW2,15446
73,anime,8409
74,self,47723
75,space,8494
76,sex,61068
77,treemusic,272
78,entertainment,31866
79,scifi,25586
80,history,5621
81,Art,4582
82,wikipedia,10963
83,doctorwho,6653
84,Cooking,11524
85,Libertarian,27467
86,gameswap,2175
87,buildapc,7878
88,offmychest,176
89,opensource,853
90,Drugs,11080
91,shemale,228
92,DAE,1517
93,gadgets,13362
94,Learnmusic,273
95,SomebodyMakeThis,675
96,gardening,1588
97,electronicmusic,3474
98,relationship_advice,32037
99,MensRights,16220
100,tipofmytongue,3084
101,fffffffuuuuuuuuuuuu,79871
102,NSFW_nospam,301
103,ShortShorts,5
104,australia,17683
105,needadvice,4113
106,prop19,687
107,DIY,9295
108,Marijuana,9913
109,Favors,5992
110,DOTA,104
111,worldevents,255
112,wallpaper,1142
113,philosophy,11437
114,environment,13183
115,baltimore,303
116,Austin,5181
117,sanfrancisco,1588
118,travel,5312
119,bjj,564
120,MMA,8600
121,startrek,4920
122,linux,25217
123,Health,6565
124,Python,3230
125,catch22,1
126,OpenChristian,139
127,personsunknown,111
128,robotics,132
129,aww,10598
130,rit,1482
131,Homebrewing,4971
132,ipad,553
133,nyc,6396
134,vancouver,1710
135,dogs,1372
136,bookclub,83
137,listentothis,8744
138,FixedGearBicycle,1148
139,cats,999
140,redditisland,223
141,danchan,1
142,chemistry,1405
143,hardware,8357
144,NexusOne,329
145,Pictures,350
146,snowboarding,604
147,beer,11465
148,lost,3720
149,DistritoFederal,6
150,LosAngeles,2536
151,PS3,6468
152,zombies,3421
153,malefashionadvice,5514
154,aviation,853
155,Paleo,71
156,toronto,8089
157,bestof,9125
158,Sexy,286
159,fail,3
160,psychology,3139
161,formula1,3907
162,ukpolitics,2365
163,washingtondc,1744
164,longboarding,681
165,ReverseEngineering,188
166,wisconsin,215
167,radioreddit,200
168,shamelessplug,233
169,IndieGaming,812
170,WebGames,3717
171,houston,1587
172,Metal,7995
173,mexico,2126
174,fashion,775
175,SPAN101,11
176,BDSMcommunity,1365
177,nsfw,19815
178,biology,1178
179,vegan,2242
180,snackexchange,910
181,happy,3880
182,poker,2830
183,Seattle,7324
184,photocritique,1213
185,ComputerSecurity,19
186,sailing,461
187,ADD,9
188,minnesota,102
189,ECE,808
190,24hoursupport,486
191,Filmtheoryclass,87
192,furry,588
193,women,1461
194,slackerrecipes,132
195,netsec,5683
196,scientology,115
197,transformice,2504
198,MaleStudies,49
199,photography,14292
200,Equality,1024
201,thick,1217
202,energy,4551
203,magicTCG,5485
204,evedreddit,4215
205,sysadmin,866
206,lostgeneration,101
207,law,2179
208,conspiracy,11260
209,twincitiessocial,1717
210,Permaculture,107
211,newzealand,1680
212,MLS,5100
213,StLouis,784
214,video,1216
215,futbolmx,39
216,economy,3050
217,comicbooks,1866
218,Physics,2157
219,penis,250
220,YouShouldKnow,800
221,Eve,4397
222,Atlanta,2302
223,scientists,18
224,TrueBlood,634
225,firefly,336
226,punk,637
227,lolcats,710
228,Gulf,33
229,writing,3599
230,No_Pants_Party,643
231,startups,121
232,nugs,425
233,engineering,1126
234,google,643
235,Filevo,306
236,montreal,2702
237,productivity,118
238,rickygervais,11
239,Coffee,526
240,Military,2159
241,collapse,1881
242,Edmonton,45
243,creepy,2932
244,cogsci,3496
245,seduction,9335
246,obama,1588
247,Pets,3469
248,Frugal,20586
249,Portland,4542
250,education,1200
251,CrackpotTheory,9
252,webdesign,430
253,trees_IRL,137
254,redditbooks,30
255,somethingimade,1475
256,rugby,45
257,RPI,463
258,auto,155
259,government,315
260,literature,387
261,microsoft,385
262,chrome,310
263,rpg,3806
264,CampingandHiking,817
265,drunk,6695
266,AMA,2159
267,gamingnews,117
268,sandiego,1198
269,kansascity,216
270,motorcycles,6706
271,newhampshire,84
272,askscience,2962
273,Flyers,5
274,gamedev,918
275,Daleks,81
276,hentai,46
277,futurama,558
278,gonewildstories,348
279,Jazz,567
280,philadelphia,1979
281,RealGirls,827
282,droid,366
283,battlestations,453
284,exmormon,6025
285,woahdude,4191
286,firstpage,48
287,cheatatmathhomework,791
288,r4r,1742
289,recipes,704
290,Autos,3828
291,dwarffortress,9192
292,nostalgia,311
293,PipeTobacco,45
294,WestVirginia,10
295,Buddhism,1488
296,DnB,899
297,fitlog,2
298,redditoroftheday,7256
299,linux4noobs,1200
300,starfleetnews,4
301,China,310
302,VictoriaBC,252
303,interestingasfuck,4
304,ass,705
305,Poetry,178
306,HeroesofNewerth,1713
307,skateboarding,782
308,Civvit,20
309,bodymods,76
310,DJs,313
311,Unity3D,5
312,socialism,1001
313,SuicideWatch,3113
314,leafs,63
315,blog,26458
316,Lovecraft,349
317,Feminism,42
318,Winnipeg,604
319,moonies,2
320,FixedAndSingleSpeed,22
321,classicalmusic,679
322,meetup,2346
323,Psychonaut,460
324,Ubuntu,3793
325,postrock,124
326,Freethought,663
327,EdmontonOilers,30
328,Kayaking,72
329,Israel,4956
330,weddingplanning,426
331,stonerrock,204
332,AlternativeHealth,20
333,overpopulation,171
334,socialskills,13
335,sydney,399
336,fantasybaseball,269
337,TrueReddit,2168
338,chess,330
339,london,2115
340,linuxquestions,225
341,brisbane,1081
342,AmericanPolitics,101
343,SelfSufficiency,240
344,architecture,698
345,til,1481
346,Conservative,683
347,computers,160
348,RedditGameJam,91
349,PhilosophyofScience,933
350,VeganCookingUofR,32
351,UoRChinese,13
352,catpictures,937
353,feminisms,953
354,BostonBruins,59
355,chillmusic,9
356,MapleLinks,143
357,IsThisFuckedUp,1
358,Design,4782
359,pornfree,7
360,browsers,194
361,running,4360
362,trance,969
363,LegalTeens,1076
364,paleodiet,1
365,melbourne,630
366,ILiveIn,1579
367,ffxiv,4150
368,BipolarReddit,318
369,NewToTF2,514
370,java,291
371,software,1876
372,hardbodies,215
373,ireland,1978
374,PHP,1783
375,Adelaide,5
376,ChristopherHitchens,27
377,webcomics,883
378,Dreams,94
379,radiohead,207
380,finance,288
381,ChristianityPolicy,55
382,emacs,293
383,japan,2710
384,TwinCities,26
385,RockClimbing,14
386,hawks,47
387,television,2323
388,roguelikes,427
389,MMJ,51
390,IWantToLearn,1383
391,NonAustrianEconomics,96
392,RootsMusic,2
393,industrialmusic,25
394,e_lucas,39
395,medicine,19
396,JapaneseFood,137
397,indepthstories,89
398,AppEngine,106
399,carlhprogramming,172
400,worldcup2010pics,19
401,Recursion,2
402,javascript,1025
403,lectures,92
404,penpals,276
405,operabrowser,219
406,WhiteRights,84
407,boston,4134
408,learnprogramming,1324
409,bach,5
410,Forts,457
411,Bad_Cop_No_Donut,2066
412,DepthHub,164
413,DandD,76
414,redditguild,2705
415,CoolDesigns,80
416,gangstuff,42
417,depression,1076
418,ruby,528
419,climbing,1380
420,Bellingham,56
421,wordcount,271
422,ronpaul,319
423,lol,35
424,russia,42
425,Warhammer,315
426,opticalillusions,1
427,breakingbad,243
428,Documentaries,1205
429,IWantOut,301
430,steamdeals,108
431,rainbowbar,112
432,videopros,8
433,SF4,354
434,djing,39
435,bisexual,104
436,pokemon,2968
437,language,39
438,iphone4wallpapers,14
439,AusTechNews,3
440,stopsmoking,1255
441,webdev,800
442,Judaism,139
443,Columbus,581
444,indierock,25
445,fishtank,50
446,UIUC,548
447,spotify,202
448,Marxism,2
449,Egypt,15
450,4chan,2256
451,Boobies,2321
452,amiugly,2215
453,Genealogy,31
454,CaribbeanGirls,43
455,Goodcops,8
456,Tress,11
457,science2,94
458,Calgary,484
459,lettuce,1
460,Parenting,646
461,tea,331
462,LearnGerman,130
463,REDDITORSINRECOVERY,23
464,gif,311
465,Team_Awesome,1727
466,statistics,218
467,trackers,1500
468,Rockband,34
469,phillies,74
470,VolleyballGirls,221
471,MyLawn,11
472,nba,178
473,gnu,140
474,Denver,546
475,jobs,763
476,DEATHFAP,2
477,mixcd,318
478,LaTeX,108
479,manga,49
480,Suomi,51
481,Iowa,303
482,howto,711
483,transgender,846
484,europe,207
485,hackers,95
486,lisp,373
487,cycling,301
488,HTTS,2
489,tourdefrance,90
490,hiphopheads,2962
491,Amateur,161
492,Esperanto,14
493,TVShowsDirectory,5
494,haiku,16
495,new_right,250
496,Fishing,581
497,HatPorn,8
498,facebook,159
499,EmmaWatson,233
500,IDAP,449
501,Adult_Webmasters,2
502,PHX,56
503,MUD,24
504,orlando,440
505,electronics,661
506,frosoco_dorm_theme,5
507,quotes,238
508,Cheap_Meals,209
509,ar15,206
510,unfunny,9
511,Twitter,185
512,ExpertProgramming,70
513,Celebs,365
514,WeAreTheFilmMakers,301
515,polyamory,379
516,urbanexploration,6
517,globalagenda,2
518,gossip,325
519,trollcave,61
520,Vocaloid,25
521,arizona,648
522,languagelearning,104
523,animation,127
524,hiphop,131
525,IndianBabes,24
526,tonightsdinner,179
527,Internet,54
528,progressive,662
529,vinyl,84
530,de,291
531,cars,1044
532,xkcd,825
533,verse,4
534,sociology,36
535,advertising,40
536,LogicWebMD,1
537,freegames,115
538,Redditch,174
539,tf2au,769
540,football,125
541,wrestling,2
542,applehelp,395
543,memphis,174
544,sbmarking,151
545,obert_paulson,16
546,tvcritic,31
547,jewellerychannel,2
548,abletonlive,38
549,geology,139
550,marketing,121
551,BSG,145
552,judo,71
553,MachineLearning,187
554,editors,70
555,hackernews,1
556,EroticArt,2
557,RUGC_Midwest,1668
558,Stitchy,96
559,networking,375
560,firefox,486
561,Unicode,12
562,boardgames,1009
563,misc,4
564,frenchmaid,2
565,birdpics,234
566,ASPNET,16
567,worstof,852
568,milf,447
569,halifax,186
570,ja,20
571,usa,32
572,n900,56
573,babies,20
574,FTH,1226
575,Illustration,5
576,StarWars,2078
577,exjw,57
578,haskell,1321
579,dujuan,1
580,sailingcrew,8
581,OnePiece,222
582,Dr_Horrible,1
583,Gunners,419
584,pittsburgh,1061
585,electronic_cigarette,25
586,Guildwars2,419
587,devils,25
588,france,200
589,perl,247
590,TEFL,16
591,gamemusic,431
592,TMBR,38
593,yiff,33
594,nosleep,2707
595,climateskeptics,1460
596,Neuropsychology,61
597,nova,15
598,Jokes,428
599,TheoryOfReddit,20
600,general,27
601,Cryptogon,135
602,Games,77
603,Piracy,149
604,snes,8
605,AnimalRights,104
606,FinancialPlanning,171
607,Pirate,24
608,rush,83
609,pleasedtomeetyou,16
610,guitarlessons,178
611,zelda,68
612,PSP,5
613,projectzombit,29
614,milwaukee,74
615,opiates,178
616,AskMe,47
617,regina,7
618,SciFiScroll,92
619,jacksonville,17
620,Ska,77
621,Punkskahardcore,346
622,newreddits,547
623,Fantasy,554
624,hiking,102
625,Michigan,295
626,logo,452
627,columbiamo,11
628,madscientist,15
629,mashups,523
630,ventura,4
631,Dallas,1317
632,Poemes,195
633,bremen,4
634,oilspill,60
635,fantasyfootball,5483
636,tattoos,1639
637,Naruto,434
638,iPods,6
639,catechism,1
640,Simpsons,7
641,fidget,55
642,ru,14
643,Quebec,418
644,police,31
645,VideoEditing,4
646,scala,42
647,ads,2189
648,asheville,216
649,bdsm,76
650,Ambientalmente,1
651,zen,76
652,noisemusic,2
653,misleadingheadline,1
654,sabres,48
655,BestGamesEver,7
656,html5,45
657,uCinci,9
658,voluptuous,645
659,Techplore,2
660,deutschland,17
661,manlymen,3
662,beertrade,211
663,Astronomy,1148
664,django,268
665,reddit_court,48
666,publicsafety,5
667,Bacon,632
668,cincinnati,362
669,RedditTravel2010,56
670,mobile,5
671,boxeyroxey,95
672,roundearth,6
673,euguild,149
674,oklahoma,453
675,Quakecon,41
676,southcarolina,77
677,SoundersFC,10
678,runescape,252
679,linguistics,894
680,Theatre,32
681,india,1533
682,P90X,792
683,ted,31
684,Lambsauce,63
685,pornvids,226
686,mongodb,1
687,islam,1946
688,Green,186
689,Cricket,151
690,gangsandstuff,1
691,Wordpress,425
692,pics2,72
693,RealEstate,93
694,mysql,18
695,motorcycle,123
696,awtheory,3
697,love,32
698,Screenwriting,205
699,beergarden,3
700,CableNews,28
701,media,29
702,paintball,63
703,Aquariums,6
704,torrents,429
705,tipoftheday,31
706,VegRecipes,214
707,SanJoseSharks,111
708,gayporn,5
709,moviecritic,646
710,Construction,26
711,browsermmo,20
712,Iceland,103
713,AndStillAlive,7
714,UoRMathBio,3
715,RPGrecordings,24
716,BrosIcingBros,3
717,phish,877
718,grilledcheese,23
719,Sir_Jedd_of_Hampton,1
720,mathbooks,21
721,HappyBirthday,112
722,Pantyfetish,88
723,sport,14
724,argentina,94
725,canucks,290
726,freebies,204
727,Corruption,13
728,eyes,41
729,malemodels,249
730,redditmusicclub,40
731,MTU,1
732,masseffect,15
733,Beekeeping,30
734,gatech,6
735,futurebeats,336
736,grandrapids,14
737,Drawing101,163
738,Techno,227
739,savedrecipes,2
740,sweden,452
741,vim,495
742,oldskoolrave,29
743,ginger,551
744,ColumbusBlueJackets,11
745,PhotoBlog,34
746,sto,27
747,PostgreSQL,21
748,help,793
749,Anthropology,177
750,whitewater,27
751,japanese4beginners,41
752,SegaSaturn,6
753,Scotch,348
754,economics2,40
755,Nerf,22
756,sicpreadinggroup,17
757,texas,327
758,Hardwarenews,103
759,Arabiya,4
760,androiddev,146
761,friendship,14
762,archlinux,325
763,gratefuldead,112
764,PrettyGirls,72
765,computing,173
766,Shortfilms,9
767,christinahendricks,136
768,Fantasy_Football,4
769,microecon,5
770,blacksburg,3
771,religion,2028
772,podcasts,31
773,brokenpieces,8
774,app,1
775,flossdaily,217
776,Surfingann,1
777,pregnant,19
778,survivalfood,4
779,porn,62
780,ps3bc2,106
781,vaguequestions,23
782,rugc_greatlakes,282
783,Compilers,4
784,butoh,2
785,categorize,6
786,windows,303
787,pic,295
788,Eugene,256
789,AnalPorn,3
790,design_critiques,776
791,StandUpComedy,360
792,designthought,49
793,SEO,97
794,criticism,16
795,herps,58
796,GreaseMonkey,155
797,TotallyTennessee,11
798,kde,341
799,ape,2
800,fomwok,6
801,ultimate,162
802,heartwarming,5
803,triangle,405
804,bikinis,281
805,gatesvsjobs,10
806,mileycyrus,24
807,tr,2
808,baduk,72
809,Orangered_app,42
810,compsci,820
811,privacy,11
812,ideasfortheadmins,1566
813,whalebait,25
814,Jimmick,20
815,NetflixBestOf,252
816,HighHeels,201
817,ShinyPorn,36
818,cyberlaws,330
819,hookandyarn,39
820,grime,27
821,EMEuroHist,31
822,UofRmideastpolitics,2
823,violentacrez,217
824,rails,50
825,scavenger_hunt,8
826,grammar,171
827,techsupport,8635
828,mormon,26
829,sysor,32
830,test,90
831,singapore,63
832,NewOrleans,288
833,yankees,5
834,japanlife,65
835,JustMean,3
836,RUGC,214
837,Marching_Arts,9
838,bears,1
839,relationships,8254
840,horror,461
841,colbertreport,12
842,lego,344
843,investing,146
844,surfing,344
845,BarefootRunning,271
846,taoism,29
847,cute,127
848,UFOs,491
849,bayarea,935
850,ShitBricks,27
851,Meditation,301
852,crochet,22
853,Foodforthought,194
854,browncoats,37
855,typography,321
856,newjersey,163
857,InteriorDesign,19
858,rangers,24
859,DrFernandoAlmeida,1
860,macapps,109
861,aerospace,20
862,Stargate,682
863,bbwbikinis,73
864,breadboard,41
865,legal,72
866,fireflycirclejerk,27
867,Hotchickswithtattoos,53
868,mccainsgaffeoftheday,1
869,BSD,96
870,nsfw2,226
871,civ,2691
872,Alabama,26
873,hacking,50
874,stephenking,7
875,IntroToMusicTheory,35
876,hugeboobs,352
877,libredesign,46
878,rac,385
879,TrailerTrash,1
880,Republican,121
881,flash,29
882,learnmath,190
883,PovertyTips,2
884,rape,43
885,indonesia,31
886,mumbhai,18
887,arduino,161
888,Rateme,34
889,FiveXChromosomes,3
890,LucidDreaming,59
891,3dsmax,18
892,DoesAnyoneKnow,57
893,rant,121
894,Cleveland,228
895,bug,2
896,LaTeX101,11
897,kansai,4
898,chomsky,7
899,Gifts,5
900,conspiracies,56
901,Ocin,6
902,joindiaspora,8
903,diaspora,16
904,sandbox,30
905,AnimeMusicVideos,25
906,nature,477
907,Lithium,4
908,HIPSTERGURLZ,208
909,redheads,136
910,venturebros,98
911,SWResources,7
912,paris,93
913,southwales,15
914,trippy,63
915,craft,5
916,quizzes,6
917,photoshop,304
918,opendirectories,357
919,elliottsmith,1
920,GameswapUK,12
921,opendata,4
922,Numismatica,1
923,hackintosh,31
924,strength_training,4
925,dub,16
926,cowboys,2
927,Outdoors,55
928,israelexposed,33
929,southafrica,37
930,bodybuilding,82
931,Ebay,26
932,Laptop,1
933,fx15,1
934,veg,60
935,goblincamp,44
936,tex,3
937,beauty,29
938,bugs,77
939,DumpsterDiving,1
940,caps,8
941,modhelp,204
942,woolen,1
943,UQreddit,55
944,Divorce,25
945,musictheory,46
946,tldr,318
947,facebookquotes,24
948,htc,20
949,csshelp,76
950,barebacksex,2
951,stoners,8
952,Oddball,49
953,Woerterbuecher,5
954,crime,76
955,NameThatPorn,1
956,energydrinks,18
957,triathlon,67
958,heady,32
959,tampa,312
960,rally,56
961,JanaDefi,2
962,X3TC,16
963,redditdev,129
964,museum,44
965,acting,21
966,LANL_German,17
967,WritersGroup,159
968,Lubbock,66
969,CalgaryFlames,16
970,ParticlePhysics,11
971,wifi,1
972,tedtalks,17
973,dogpictures,69
974,LSD,201
975,GreenBayPackers,78
976,idm,16
977,movieclub,225
978,Eureka,112
979,linuxadmin,71
980,wii,227
981,GNV,47
982,politics2,13
983,gogame,1
984,racism,76
985,nederlands,19
986,MST3K,16
987,interactivefiction,8
988,SOS,42
989,invest,2
990,Graffiti,288
991,airsoft,120
992,MusicNews,65
993,Movie,6
994,Portal,27
995,VintageErotica,2
996,SuzyGreenberg,1
997,microbiology,2
998,lupus,41
999,videogamesetc,2
1000,drums,473
1001,LibertarianLeft,9
1002,Entrepreneur,219
1003,Palm,10
1004,atheis,1
1005,Punkrockin,1
1006,geocaching,193
1007,worldcup,48
1008,shill,23
1009,Miami,164
1010,GirlswithGlasses,145
1011,bourbon,51
1012,NSFW_Wallpapers,52
1013,reddeadredemption,126
1014,AnimatedGifs,2
1015,Youngluck,131
1016,dragonage,88
1017,Models,16
1018,GirlGamers,416
1019,Reddit2238,8
1020,gtky,4
1021,7mooode,2
1022,wp7dev,34
1023,WomenOfColor,125
1024,worstwebsites,56
1025,antiwar,6
1026,MichMeet,5
1027,Yakima,6
1028,golf,539
1029,Zombie,30
1030,gilf,46
1031,neopagan,91
1032,Romania,8
1033,Percussion101,2
1034,tips_tricks,1
1035,left4dead,5
1036,dating,47
1037,swtor,399
1038,uktv,1
1039,Louisiana,89
1040,kinky,14
1041,celebrities,50
1042,QuantumMechanics1,6
1043,pokemontrades,377
1044,hashhouseharriers,73
1045,Logos,410
1046,Gore,195
1047,longisland,35
1048,lastfm,3
1049,Tacoma,32
1050,rap,103
1051,chillwave,9
1052,RacquetSports,16
1053,carlathegyarados,5
1054,WDP,32
1055,Thrifty,14
1056,trigonometryclass,20
1057,bookexchange,95
1058,reddithax,129
1059,Filmmakers,490
1060,chuck,89
1061,perth,132
1062,DallasStars,6
1063,blues,21
1064,SaltLakeCity,451
1065,immigration,3
1066,losangeleskings,7
1067,lacrosse,7
1068,electro,30
1069,bored,1
1070,spiders,6
1071,suggestions,6
1072,chicagomusicscene,69
1073,coversongs,123
1074,OperationReason,1
1075,1000words,56
1076,imdrunk,4
1077,babel,16
1078,madisonwi,123
1079,cobrareddit,9
1080,nintendo,23
1081,linux_devices,105
1082,Eesti,12
1083,Maine,55
1084,AmericanGovernment,89
1085,puppy101,8
1086,LonelyMods,2
1087,WhiteNationalism,94
1088,rhythmicnoise,1
1089,biblestudy,38
1090,Steam,17
1091,thumpty,5
1092,alcohol,125
1093,MathFinance101,17
1094,CalgaryPeople,8
1095,Paranormal,159
1096,pakistan,120
1097,youtube,169
1098,breakcore,54
1099,weather,13
1100,ItsNotOnion,4
1101,morrissey,102
1102,graphic_design,86
1103,Nootropics,315
1104,GuildWarsTactics,3
1105,liquor,79
1106,babylon5,155
1107,PalinProblem,21
1108,fuckyea,43
1109,imgur,26
1110,iamaf,16
1111,ffxi,88
1112,cookie,1
1113,Waif,7
1114,mathprobsolve,2
1115,Dogtraining,22
1116,GetMotivated,403
1117,hotsauce,2
1118,darkstep,30
1119,sustainability,5
1120,durrr,1
1121,ml101,15
1122,Cubs,6
1123,telecaster,45
1124,holiday,3
1125,men,31
1126,globalids,1
1127,sad,4
1128,BookmarkedSignals,1
1129,guitarfuckers,12
1130,HuntsvilleAlabama,309
1131,Redhook,3
1132,UoR_Appl_LA,10
1133,ScarlettJohansson,68
1134,shantytown,1
1135,French,64
1136,trolling,2
1137,bench,18
1138,bothersme,2
1139,ICallBullshit,2
1140,HomemadeLiterature,68
1141,chinesemusic,1
1142,harrypotter,11
1143,unix,12
1144,Minecraft,52981
1145,ltag,2
1146,linux_gaming,334
1147,LearnJapanese,275
1148,knives,198
1149,atheistgems,54
1150,unity_blogs,2
1151,ipv6,6
1152,Zune,18
1153,belgium,207
1154,baseballcard,1
1155,FindAGame,8
1156,Bowyer,1
1157,collegesluts,17
1158,Survivalist,75
1159,Norway,142
1160,votingtheory,4
1161,edpsych,5
1162,gifs,97
1163,manlove,233
1164,superspidy,1
1165,gps,4
1166,Exterminatus,14
1167,classicfilms,130
1168,DYR,102
1169,LadyGaga,80
1170,beginningpercussion,3
1171,Birmingham,144
1172,russian,10
1173,prowrestling,141
1174,treees,6
1175,JC2,4
1176,needamod,1
1177,smokefree2009,4
1178,tattoo,54
1179,disability,13
1180,AcademicPhilosophy,179
1181,ImHigh,1
1182,carmechanics101,111
1183,longtext,4
1184,other,50
1185,Borderlands,182
1186,photoit,103
1187,motorcycling,1
1188,Abstinence_Aid,3
1189,londonontario,38
1190,notetoself,10
1191,Blowjobs,84
1192,roundrobin,29
1193,mac,939
1194,mousepath,7
1195,rayisaac,1
1196,Games365,5
1197,muenstercheese,14
1198,ZackQuinnMagicMan,1
1199,House,87
1200,disagreeable,1
1201,AppearanceAdvice,1
1202,thenewdubstep,5
1203,uofr_nbc,4
1204,livestock,13
1205,bfbc2au,24
1206,Iownthis,1
1207,daretoask,3
1208,fathers4equality,5
1209,cpp,220
1210,brainstorming,1
1211,PixelArt,8
1212,dailykanji,42
1213,Anarcho_Capitalism,54
1214,delhi,11
1215,RedditRIers,3
1216,White_Pride,10
1217,norge,107
1218,cosplay,99
1219,AlienBlue,167
1220,Gentoo,81
1221,sodypop,7
1222,pointless_whining,18
1223,sleep,1
1224,CultCinema,4
1225,visualization,12
1226,ektenyheter,11
1227,nook,137
1228,osx,126
1229,wedding,16
1230,Trickfist,4
1231,gamin,3
1232,coding,318
1233,APB,12
1234,crypto,43
1235,SubGenius,27
1236,winemaking,22
1237,protools,9
1238,diablo2,17
1239,stocks,42
1240,Computerhi5news,10
1241,flamesofwar,1
1242,talk,1
1243,aquaponics,17
1244,FreeUpVotes,1
1245,food2,79
1246,germany,111
1247,neuro,59
1248,StreetFights,2
1249,WhiteMenGoneWild,16
1250,csbooks,14
1251,LastNight,177
1252,Animals,51
1253,CasualMath,112
1254,LearnIRC,23
1255,wc2010_crests,1
1256,TopGear,82
1257,redditstories,46
1258,Polska,14
1259,cribs,1
1260,esolangs,1
1261,California,116
1262,d_language,6
1263,piano,144
1264,kitchen,2
1265,ageofempiresrevival,4
1266,batterystore,6
1267,apathy,1234
1268,nethack,30
1269,celebrity,11
1270,WWTT,23
1271,conan,49
1272,skiing,143
1273,EatCake,2
1274,ReaditMag,131
1275,WorldMusic,13
1276,linkplease,1
1277,Bonsai,5
1278,OneParagraph,123
1279,kindle,187
1280,SketchComedy,100
1281,discgolf,266
1282,askagirl,79
1283,fringe,201
1284,arresteddevelopment,111
1285,synthesizers,24
1286,l4dbundles,4
1287,wine,131
1288,chattit,27
1289,newbrunswickcanada,43
1290,rapecounseling,44
1291,dotnet,136
1292,ITcrowd,3
1293,VictorianPlumbing,1
1294,SPRUCEDALE,1
1295,VancouverIsland,2
1296,SexPositive,74
1297,koreanhotnews,1
1298,growweedeasy,1
1299,blogs,24
1300,FoodPorn,255
1301,whoadude,48
1302,discordia,6
1303,xboxlive,55
1304,whyamiwrong,5
1305,job,2
1306,toosoon,5
1307,organic,10
1308,scooters,166
1309,Netfluff,2
1310,wesanderson,5
1311,war,7
1312,socialmedia,121
1313,blackberrynation,1
1314,travelspots,5
1315,SEC,97
1316,InTraser,1
1317,tennismasters,1
1318,censorship,27
1319,Televisions,3
1320,ectalProlapse,7
1321,Cyberpunk,10
1322,l4d2,43
1323,reddiquette,3
1324,UpperCanada,1
1325,childfree,67
1326,MiddleEastNews,9
1327,health2,6
1328,Bondage,76
1329,logic,4
1330,cocoa,5
1331,netflix,29
1332,legs,6
1333,tennis,417
1334,AndroidQuestions,34
1335,trt,2
1336,Scotland,75
1337,PicsOfDeadKids,31
1338,alternative_right,10
1339,myasshurts,1
1340,LondonGigs,1
1341,singularity,22
1342,2012,5
1343,gamereviews,17
1344,nashville,49
1345,LadyBashing,25
1346,FlashGames,2
1347,Metalcore,49
1348,oakland,9
1349,Ornithology,51
1350,Detroit,411
1351,canberra,31
1352,tech,143
1353,everyoneMods,3
1354,cancer,18
1355,Forex,13
1356,hardscience,20
1357,anonymouschat,25
1358,computergraphics,99
1359,SFstories,23
1360,TrackMania,16
1361,safariextensions,1
1362,homeschool,4
1363,whining,3
1364,complaintbox,4
1365,cumfetish,69
1366,ClassicalMusicClass,53
1367,NoveltyAccounts,29
1368,sleepy,5
1369,Sociologyforall,1
1370,mycology,230
1371,Standup,6
1372,HealthProject,51
1373,martialarts,104
1374,audio,97
1375,sportsvideo,11
1376,simpleliving,19
1377,matheducation,42
1378,noobs,10
1379,alberta,29
1380,Database,67
1381,GregSaplin,5
1382,givemeaquest,5
1383,SWOldRepublic,1
1384,nursing,9
1385,OhGodWhatHaveIDone,25
1386,camping,11
1387,keto,53
1388,Sevdam,3
1389,tvclub,30
1390,mattcarlson,1
1391,experimentalmusic,42
1392,vegetarian,132
1393,Rochester,224
1394,statuegropers,7
1395,sewcrazy,2
1396,pcis,2
1397,passwordiswalrus,3
1398,videography,50
1399,cp_grotto,2
1400,technews,36
1401,banjo,21
1402,screenshots,1
1403,warlizard,7
1404,Dexter,939
1405,panties,4
1406,Minneapolis,35
1407,thewikipediagame,15
1408,redditresort,5
1409,ZenHabits,107
1410,manymoose,1
1411,AsianHotties,4
1412,911truth,670
1413,Marvin,2
1414,bioinformatics,22
1415,redditchan,16
1416,socialscience,20
1417,GetOffMyLawn,1
1418,B_Movies,12
1419,alpinism,34
1420,usability,7
1421,TheWire,12
1422,DetroitRedWings,39
1423,Webbook,3
1424,bloomington,89
1425,latin,68
1426,AnnArbor,53
1427,newmemes,31
1428,kungfu,6
1429,PRODIGY,3
1430,festivals,46
1431,dependent_types,13
1432,shitmyself,1
1433,oceansize,13
1434,bioshock2bundles,1
1435,geekguys,18
1436,derp,31
1437,ForeignMovies,174
1438,announcements,7800
1439,Shopping,47
1440,Needafriend,18
1441,Upskirt,28
1442,squash,1
1443,TechnologyBlogs,2
1444,savageworlds,2
1445,hrvatska,13
1446,Clojure,96
1447,aikido,49
1448,uwaterloo,98
1449,okc,2
1450,analytics,5
1451,evony,3
1452,mathrock,13
1453,brighton,21
1454,Hamilton,306
1455,Fencing,34
1456,Louisville,569
1457,Administrators,57
1458,xbmc,14
1459,reggae,70
1460,tea_party,113
1461,blackberry,50
1462,worldnews2,17
1463,mbiama,1
1464,hipsters,57
1465,weed,15
1466,DOG,11
1467,cannabis,851
1468,narwhals,5
1469,Fotografie,2
1470,spam,3
1471,USHistory,3
1472,MedicalNews,1
1473,FL_Studio,169
1474,avp,1
1475,BBQers,16
1476,InfoSec3T,4
1477,FinerMinds,4
1478,cigars,1
1479,oxford,38
1480,thisisnotaskreddit,6
1481,DebunkThis,1
1482,africans,1
1483,crybaby,3
1484,icelandnews,1
1485,Baking,228
1486,Catholicism,89
1487,Americana,6
1488,EroticMayonnaise,4
1489,bboy,6
1490,farscape,36
1491,boulder,116
1492,knitting,151
1493,bad_israel_no_donut,1
1494,Colorado,204
1495,bestof2010,1
1496,mises,6
1497,redtaboo,2
1498,onlinegames,5
1499,comiccon,10
1500,culturalstudies,39
1501,RunRedditRun,2
1502,voluntarism,40
1503,TimAndEric,28
1504,WorldWideNews,7
1505,UFO_2012,51
1506,bipolar,2
1507,groovesharkplaylists,161
1508,retrogamemusic,5
1509,Vegetarianism,67
1510,NewYorkIslanders,1
1511,weekendproject,2
1512,lookatmygirlfriend,630
1513,fea,12
1514,drumcorps,1
1515,argumentation,1
1516,rva,198
1517,Brazil,24
1518,Chattanooga,46
1519,UCDavis,94
1520,TwoYChromosomes,16
1521,drugscience,4
1522,Anticonsumption,86
1523,glutenfree,118
1524,fallacies,2
1525,fakenews,1
1526,vagina,1
1527,girlsflashing,23
1528,ToolBand,278
1529,ArtCrit,11
1530,openholes,7
1531,BDSM_NoSpam,12
1532,singalong,1
1533,warehouse13,84
1534,HairStyle,1
1535,oliviawilde,87
1536,Breakfast,1
1537,ESOL,1
1538,MINI,5
1539,Muse,2
1540,starlets,21
1541,bigfoot,1
1542,Libraries,26
1543,humaninterest,8
1544,travelguides,4
1545,Redheadday,6
1546,fiction,20
1547,ytmnd,9
1548,ReligionInAmerica,43
1549,DrinkingGames,61
1550,reasoners,46
1551,ANTISOCIALITE,5
1552,omegle,29
1553,FootFetish,8
1554,nanoscience,19
1555,nothinghere,11
1556,Discovery,16
1557,zh,13
1558,college,17
1559,gay,35
1560,mobilesoftware,5
1561,autogynephilia,11
1562,necrololia,4
1563,cookmesomething,4
1564,geobinitiative,1
1565,SnowBugsChildCare,1
1566,ibiza,4
1567,nonprofit,148
1568,deephumaninsight,1
1569,homeowners,1
1570,Archery,64
1571,ChemLab,1
1572,AlphaInputs,2
1573,panhandle,1
1574,joel,6
1575,spaceflight,23
1576,family,3
1577,Bluray,1
1578,sales,11
1579,mixes,65
1580,HairyPussy,166
1581,xbla,11
1582,GradSchool,22
1583,bmx,11
1584,newyork,40
1585,shopyop,1
1586,fashionphotography,4
1587,webbit,28
1588,futurefunkairlines,5
1589,trading_ai,1
1590,miaomiao,2
1591,nes,1
1592,Boxing,57
1593,steampunk,137
1594,singing,67
1595,eugenics,10
1596,Wicca,2
1597,hiphoptruth,6
1598,semanticweb,7
1599,sexyjapanx,1
1600,batman,39
1601,reloading,66
1602,robinhoode,2
1603,Denton,21
1604,musicians,28
1605,userexperience,1
1606,Bass,322
1607,ducss,1
1608,Infographics,25
1609,Maps,5
1610,Eminem,15
1611,drunkard,2
1612,Wake,11
1613,FunkSouMusic,4
1614,worldofphoto,7
1615,incest,8
1616,eldercare,1
1617,homebrew,62
1618,Eattit,6
1619,Thailand,3
1620,santacruz,58
1621,whedon,89
1622,Archaeology,33
1623,octopustomfoolery,4
1624,Transhuman,20
1625,BurningMan,427
1626,howcome,5
1627,DeepSpaceNine,117
1628,barter,5
1629,FittitBuddy,117
1630,csgsven,1
1631,crafts,6
1632,AssToMouth,2
1633,Smokin,138
1634,FIlm,34
1635,OperaMusic,1
1636,country,10
1637,vodka,12
1638,Despatches,35
1639,austinbiz,2
1640,gofuckyourself,3
1641,Under15,22
1642,readit,3
1643,cannabisconnoisseurs,21
1644,latinoamerica,5
1645,yoga,47
1646,QuadCities,10
1647,Wight,2
1648,ndp,11
1649,weightlifting,23
1650,whitepeople,5
1651,gwchat,8
1652,Hawaii,20
1653,STARTREKORDER,1
1654,wacrover,10
1655,controversial,1
1656,Russian101,35
1657,techtheatre,5
1658,transexual,1
1659,hdl,3
1660,atheist,24
1661,YourMoney,2
1662,girlskissing,6
1663,F2E,6
1664,TerraSerenus,1
1665,LearnANewLanguage,8
1666,answers,7618
1667,realid,2
1668,Scholar,137
1669,dancing,7
1670,living,1
1671,DoNotJoin,1
1672,scheme,35
1673,Ghosts,11
1674,Everything_Backwards,12
1675,taiwan,13
1676,types,13
1677,Mortgages,5
1678,intuitive,6
1679,Weedit,5
1680,Infos,1
1681,OGWHID,1
1682,bustybabes,7
1683,acne,5
1684,scuba,26
1685,badassgirls,4
1686,mozilla,3
1687,farts,1
1688,obscure,3
1689,SQL,35
1690,shrooms,5
1691,italy,61
1692,raggajungle,15
1693,Basketball,48
1694,OurBB,2
1695,Equus,21
1696,ColoradoAvalanche,14
1697,abandoned,4
1698,Ideasforfilms,1
1699,tf2uk,13
1700,celebritywire,4
1701,BMW,23
1702,mjstrains,1
1703,NYGiants,61
1704,Banking,1
1705,softscience,64
1706,oblivion,140
1707,ebooks,20
1708,corgi,271
1709,Home,20
1710,jquery,54
1711,haikuOS,7
1712,worldbuilding,43
1713,checkthisout,1
1714,SexyButNotPorn,52
1715,ToysDoingStuff,2
1716,HomeworkHelp,130
1717,PoliticalHumor,70
1718,Brewers,7
1719,upstate_new_york,43
1720,glee,54
1721,bleach,64
1722,DrawingChallenge,3
1723,Insurance,2
1724,aves,7
1725,oilfuck,2
1726,drwho,8
1727,LiverpoolFC,41
1728,NSFW4,172
1729,whyamericasucks,3
1730,qwantzparty,409
1731,justanotherreddit,12
1732,rugc_karma,7
1733,GuessWho,6
1734,moped,11
1735,MedalofHonor,5
1736,fsharp,4
1737,rule34,8
1738,done,6
1739,RDU,8
1740,GameDeals,38
1741,texasfavors,18
1742,wildcrafting,1
1743,vegas,229
1744,desmoines,20
1745,waterloo,57
1746,dropspaceintertime,36
1747,poetscorner,24
1748,motorsports,14
1749,sarakassi2009,1
1750,riderville,5
1751,nakedteens,1
1752,SceneGirls,40
1753,REDDITEXCHANGE,28
1754,latinas,2
1755,jello,3
1756,Coolness,26
1757,meat,8
1758,mensrightslinks,9
1759,foreskin,11
1760,ovimail10,1
1761,Nebraska,2
1762,videogames,3
1763,ocaml,18
1764,garithos,24
1765,Brainetics,1
1766,Warcraft,3
1767,cubase,1
1768,socialite,8
1769,lebowskiisms,136
1770,lusciousladies,19
1771,FatAmerican,4
1772,project_x,3
1773,nutrition,8
1774,interiorsandliving,32
1775,upboatsanonymous,2
1776,ledelse,6
1777,survey,1
1778,freecycle,1
1779,CanP40S3,3
1780,de_IT,4
1781,USNEWS,10
1782,alaska,63
1783,kasseyk,2
1784,EQ2,39
1785,spork,5
1786,procurement,23
1787,urt,5
1788,Iontascastleblayney,1
1789,Launchpad,4
1790,Ethics,3
1791,oregon,43
1792,treemovies,68
1793,weeaboo,27
1794,Liberty,51
1795,RUG_Leeds,166
1796,indie,5
1797,paganism,1
1798,IDriveA,3
1799,kettlebell,18
1800,snobs,15
1801,symonds88,1
1802,Riddle,13
1803,tfc,49
1804,goats,2
1805,psu,45
1806,stupid,2
1807,Invisibility,2
1808,DebateIt,37
1809,interactivedesigndev,1
1810,secretgentlemansclub,14
1811,c64,11
1812,HBD,13
1813,MakeupAddiction,216
1814,redditmakesamud,1
1815,DemocracyNow,1
1816,pafas,2
1817,cnbu,1
1818,Drexel,36
1819,Purdue,110
1820,designercorps,2
1821,squidsgonewild,4
1822,stupidfilter,1
1823,cmu,1
1824,VAFanClub,12
1825,hohohuhu,1
1826,cigar,15
1827,Apologetics,7
1828,labor,5
1829,copycatrecipe,2
1830,cumshots,4
1831,ChatRoulette,11
1832,YoDawg,1
1833,Buffalo,76
1834,drone,3
1835,GTA,2
1836,emulation,1
1837,expandmyidea,12
1838,computerviruses,10
1839,actuallesbians,61
1840,Image,15
1841,shittieradvice,17
1842,asr_university,6
1843,needledick,1
1844,wolves,1
1845,susancoffey,1
1846,NotMadeInChina,1
1847,words,10
1848,HowToDIY,4
1849,korean101,26
1850,getting_over_it,8
1851,Petloss,13
1852,metametacirclejerk,45
1853,gostart,9
1854,DesiHoes,1
1855,Oaxaca,1
1856,Wizards,6
1857,pineapple,1
1858,modnews,84
1859,chiptunes,13
1860,color_comments,1
1861,PennStateUniversity,63
1862,hellosir,2
1863,ForTwenty,3
1864,gnome,6
1865,Austria,21
1866,git,35
1867,StopMeg,6
1868,TillSverige,33
1869,redditor_pics,9
1870,ripcity,16
1871,iboughttheshirt,9
1872,Pants,8
1873,indiemetal,2
1874,QuakeLive,95
1875,ipod,10
1876,chambermusic,2
1877,comedy,63
1878,yourfav,1
1879,BluesMusic,2
1880,counter_strike,222
1881,catpics,2
1882,Erotica,6
1883,BTinvites,2
1884,C_Programming,10
1885,bestofthefray,15
1886,tolkienfans,40
1887,notfunny,2
1888,ANDYAR,4
1889,procrastinate,10
1890,4FOUR,2
1891,pigtails,11
1892,madmen,706
1893,maker,6
1894,HackBloc,38
1895,ePub,1
1896,spiritual,7
1897,PhxClassWarCouncil,24
1898,vandweller,6
1899,alphateam,34
1900,redditaddict,3
1901,UofR_MassComm,1
1902,gothsluts,6
1903,djmixes,4
1904,soapier,260
1905,Motoracing,32
1906,PHPhelp,15
1907,Venn,5
1908,casazimbabwe,1
1909,orangecounty,93
1910,occult,61
1911,PCH,1
1912,Logic_Studio,23
1913,electronicmusic101,6
1914,BFBC2,2
1915,democracy,6
1916,Getmotiv,1
1917,Canuckgook,2
1918,piratenpartei,29
1919,shit,1
1920,Platypus,17
1921,ComeTogether,1
1922,IntroToHorror,35
1923,Mushrooms,5
1924,geospatial,11
1925,LEGALBUDS,2
1926,newhaven,44
1927,Bololox,1
1928,3rb,2
1929,LSU,6
1930,portugal,40
1931,yospos,3
1932,NSFW_Request,1
1933,Songwriters,5
1934,fence,63
1935,evolution,56
1936,redditgw,104
1937,AnalWreakage,1
1938,TacticalIntervention,1
1939,FML,11
1940,audiophile,11
1941,KiNov,1
1942,zooeydeschanel,7
1943,Boise,146
1944,WiiHacks,16
1945,wellesley,2
1946,PotterPals,15
1947,Intelligence,8
1948,graveyardshift,1
1949,711truth,2
1950,idea,8
1951,gaywild,5
1952,redditcorp,2
1953,chickenfighters,26
1954,gameconceptart,143
1955,highdeas,16
1956,arm,5
1957,secondlife,4
1958,iloveboxxy,21
1959,WikiLeaks,66
1960,DateRape,175
1961,microstories,2
1962,firespin,24
1963,IWW,10
1964,doesanyoneelse,1
1965,fellatio,19
1966,Nipples,2
1967,doommetal,42
1968,athiesm,36
1969,xss,28
1970,FragReddit,13
1971,autofellatio,3
1972,smart,1
1973,Gold,6
1974,makeanadultmovie,14
1975,everquest,3
1976,ferrets,23
1977,filmmaking,40
1978,shortentertainment,5
1979,newdigg,11
1980,spain,12
1981,Magic,50
1982,icanhaz,1
1983,Autobator,1
1984,arsenal,2
1985,joos,37
1986,piercing,11
1987,ideas,12
1988,Civilization,9
1989,DakotaFanning,6
1990,rutgers,246
1991,100rogues,6
1992,Wildlife,20
1993,oberlin,3
1994,Clemson,9
1995,guro,2
1996,education2,5
1997,neurophilosophy,17
1998,randomidioms,3
1999,DallasMeetups,24
2000,Ohio,43
2001,UoRAusPol,2
2002,Maplestory,11
2003,ThreadGames,1
2004,rand,9
2005,buttsex,2
2006,css,53
2007,Sacramento,39
2008,badtattoos,2
2009,blogger,8
2010,info1,1
2011,Teachers,1
2012,JackAdministrator,1
2013,MMORPG,18
2014,JadeLT,1
2015,vandwellers,2
2016,deepthroat,6
2017,2web,3
2018,Japanize,2
2019,Nautical,8
2020,UniversityOfHouston,341
2021,Haven,4
2022,forhire,13
2023,blender,24
2024,kelowna,11
2025,urbanplanning,37
2026,ManUtdFans,1
2027,motogp,5
2028,Kerala,4
2029,Etab,93
2030,WouldLikeToMeet,4
2031,culture,15
2032,technology2,6
2033,ImpliedAskReddit,9
2034,Legal_IP,1
2035,sarcasm,1
2036,SAHP,15
2037,katyperry,19
2038,Egypttravelers,1
2039,amateurradio,89
2040,Modnation,1
2041,wwww,1
2042,Palestinians,1
2043,billmurray,6
2044,QOD,5
2045,florida,65
2046,Magento,4
2047,howshitreallyworks,34
2048,pissing,2
2049,JAX,47
2050,recalls,2
2051,USNews2,1
2052,internetguide,6
2053,ukulele,39
2054,treespeak,2
2055,rage,2
2056,Mathematica,1
2057,Cthulhu,18
2058,Career,2
2059,btv,4
2060,etymology,8
2061,happiness,4
2062,Horticulture,1
2063,Brooklyn,90
2064,secret,35
2065,Tilt,1
2066,heliocentrism,2
2067,Entomology,90
2068,Lindsaylohan,1
2069,nerdborg,2
2070,movielists,1
2071,asktrees,10
2072,ProgMusic,11
2073,Fedora,14
2074,AskUsers,2
2075,writingprompt,5
2076,MilitaryAviation,6
2077,frenchally,3
2078,L4D,2
2079,redditcookbook,7
2080,Thinking,1
2081,expressionengine,3
2082,crapmywifebought,17
2083,tequila,2
2084,SinCity,17
2085,Life,3
2086,l33t,5
2087,Curling,1
2088,nfl,11579
2089,business2,7
2090,gentlemenofreddit,2
2091,aggies,27
2092,systems,17
2093,fr,14
2094,mandingo,9
2095,crossfit,28
2096,noisemachine,6
2097,ecommerce,5
2098,EVERYBODYS_SCREAMING,1
2099,security,9
2100,NorthCarolina,8
2101,linuxmint,24
2102,hip_hop,24
2103,walls,1
2104,Pegging,5
2105,audioengineering,25
2106,sexygirlsdaily,1
2107,radiocontrol,74
2108,insomnia,8
2109,eclipsephase,2
2110,rock,11
2111,psychopharmacology,6
2112,astoria,711
2113,EUROPEHASFALLEN,3
2114,ThisIsOurMusic,41
2115,cookbook,2
2116,QueerTransmen,18
2117,Lusitania,1
2118,barebutts,13
2119,redditv2,4
2120,Themepark,40
2121,FreeForReddit,16
2122,left4dead2,2
2123,britishcolumbia,10
2124,PetSamatary,3
2125,Nevada,1
2126,TrueTrueReddit,1
2127,lfg,19
2128,Blogging,19
2129,GoneWildNatural,1
2130,rugbyunion,12
2131,dustyshoes,1
2132,RugbyWorldCup,16
2133,SquareFootGardening,1
2134,snowball,6
2135,kochier,1
2136,lockpicking,40
2137,Switzerland,31
2138,Mangos,17
2139,Idiots,2
2140,electricvehicles,4
2141,mix4eugene,16
2142,IMAC,2
2143,Survival,18
2144,Slackline,15
2145,coolbandnames,1
2146,wowlarp,5
2147,entourage,8
2148,tumblr,19
2149,FREE,5
2150,Bingo,4
2151,theemotion,1
2152,WildPoets,1
2153,Apocalypse,1
2154,GearHead,12
2155,retail,1
2156,ns2,64
2157,AntiChrist,4
2158,proper,24
2159,holidays,6
2160,Yunnan,1
2161,lingerie,12
2162,menswear,1
2163,conservation,13
2164,PotterNerds,7
2165,minimalism,9
2166,Megaupload,1
2167,toledo,11
2168,myday,1
2169,StarcraftFeedback,229
2170,cocktails,153
2171,sexyandshocking,1
2172,Blaaamo,10
2173,Performance,1
2174,DungeonsAndDragons,1
2175,spaceships,1
2176,OrthodoxChristianity,22
2177,herpetology,25
2178,spoilers,5
2179,Monterrey,25
2180,athiest,5
2181,reddart,18
2182,ghibli,2
2183,papercraft,3
2184,grease,5
2185,futureofreddit,24
2186,MakeMTG,135
2187,costarica,6
2188,trailerparkboys,11
2189,penguins,16
2190,Rants,8
2191,treecomics,2436
2192,shortstories,7
2193,nanaimo,2
2194,personalfinance,18
2195,radio,4
2196,USPE08,8
2197,classicbattlefield,1
2198,TeaParty,14
2199,Canning,13
2200,TheDuplex,5
2201,stonercomics,1
2202,thelema,13
2203,pussy,4
2204,computervision,8
2205,ultimaonline,23
2206,Cephalopods,1
2207,IntroToRBP,29
2208,droideris,1
2209,YoGabbaGabba,2
2210,opengl,12
2211,DowloadDuty,2
2212,AnimatedGIF,8
2213,toys,15
2214,swtorleaks,2
2215,front_end,4
2216,thoughtprovoking,2
2217,fsm,8
2218,BusinessCorner,7
2219,gerald,2
2220,cesky,6
2221,WABAC,1
2222,F13,3
2223,HPC,3
2224,Asin,1
2225,Bass101,7
2226,adulttube,1
2227,Handspinning,1
2228,AnnikRubens,1
2229,BodyCountReddit,1
2230,hugenaturals,16
2231,climate,34
2232,redditectives,1
2233,Dance,24
2234,dreamcast,4
2235,mobileporn,3
2236,illustrations,1
2237,Sploits,2
2238,house_music,15
2239,AndroidDevelopers,1
2240,disney,2
2241,Hunting,103
2242,enmore,5
2243,alcoholism,16
2244,Communist,3
2245,treesmatch,14
2246,LifeChanging,1
2247,SCC,12
2248,frozenpizza,3
2249,UCSB,14
2250,swtorguild,6
2251,americanpirateparty,58
2252,LogicPuzzles,3
2253,sketches,3
2254,Morocco,68
2255,iliveoutsidetheusa,1
2256,futanari,32
2257,brewing,2
2258,matlab,15
2259,DisappointingStory,3
2260,BarbaraThulinJoyce,1
2261,MixedMartialArts,1
2262,Diesel,15
2263,pcgaming,18
2264,NarFFL,1058
2265,korea,24
2266,SonicTheHedgehog,21
2267,DTRules,1
2268,moddingguides,11
2269,guncontrol,2
2270,ABDL,2
2271,karmaparty,6
2272,BruceSpringsteen,4
2273,gmaps,3
2274,redditzine,1
2275,Omaha,80
2276,NPBC,21
2277,nanotech,11
2278,oldfamilyphotos,2
2279,medstudents,4
2280,mixtape,2
2281,everyone,2
2282,LANL_Spanish,8
2283,bisexuality,4
2284,raerth,104
2285,retsak,1
2286,commentimages,2
2287,oldfarts,1
2288,durnk,3
2289,web101,12
2290,tailbait,7
2291,hashtag,7
2292,PigJargon,924
2293,badMovies,3
2294,racism_immigration,4
2295,cssdose,1
2296,Turkey,6
2297,LifeIsSweet,1
2298,Soccervids,4
2299,okreddit,2
2300,hugging,1
2301,turtles2,1
2302,Dodgers,2
2303,sappho,1
2304,maryland,18
2305,boating,4
2306,independent,9
2307,ttrees,2
2308,Ducati,6
2309,politcs,2
2310,bloggerdal,1
2311,StockMarket,19
2312,WritersBlock,1
2313,lovereddit,1
2314,CommonLaw,37
2315,danmark,3
2316,drupal,81
2317,kidlit,2
2318,Powerfury,4
2319,Jeep,64
2320,YellAtReddit,2
2321,AdultsXXX,1
2322,dieselweb,3
2323,Palestine,11
2324,Tallahassee,26
2325,vermont,7
2326,MinistryOfTruth,3
2327,glitchmusic,10
2328,dork_bot_bristol,12
2329,Aturaten,1
2330,RandomAct,3
2331,ejustice,1
2332,NWFL,1
2333,cannabiscultivation,15
2334,shittingadvice,32
2335,redditores,190
2336,scripting,1
2337,nontheist,1
2338,ScienceQnA,7
2339,Virginia,36
2340,belarus,5
2341,tax,51
2342,microcontrollers,8
2343,climatescience,3
2344,shtf,1
2345,redsox,9
2346,funnyjesus,2
2347,AskWomen,813
2348,Windows_7,4
2349,relationshit,1
2350,grool,13
2351,gaynsfw,5
2352,mrbudha,1
2353,sanantonio,243
2354,GotEm,2
2355,GAMMATEAM,2
2356,redditshirt,1
2357,jemfinch,12
2358,hardstyle,31
2359,southside,1
2360,cloud_computing,3
2361,Smallville,1
2362,freebsd,6
2363,thisiswhy,2
2364,berlin,40
2365,cyprus,6
2366,fathers,1
2367,Backup,1
2368,yourmom,1
2369,Uhhh,4
2370,Atheism2,6
2371,DAMS,23
2372,sushi,3
2373,shell,2
2374,retreat,69
2375,boxee,2
2376,alien_swarm,1350
2377,onlineseduction,2
2378,CARTOON,5
2379,SubmarinoViagens,1
2380,awesome,4
2381,AnxietyPanic,22
2382,migraine,4
2383,WhatToDo4Me,3
2384,IowaCity,42
2385,Rockland,3
2386,bollywood,2
2387,ArtAssignments,2
2388,trollvstroll,1
2389,couriernotes,2
2390,asshole,8
2391,golang,11
2392,Indiana,22
2393,Wilmington,10
2394,United4FreeIran,4
2395,lazy,4
2396,retrogames,1
2397,daddit,238
2398,Corrupt,1
2399,store,10
2400,bicycles,4
2401,wrongreddit,1
2402,werdyo,5
2403,langsandlambs,32
2404,providence,3
2405,airguns,22
2406,DwarfFortress101,259
2407,RacistReddit,75
2408,improve,4
2409,Flying_Solo,2
2410,theology,11
2411,Connecticut,142
2412,Mercedesbenz,4
2413,UGotTech,1
2414,woodworking,35
2415,atheistbloodorgy,4
2416,AnswerReddit,1
2417,Knoxville,19
2418,Cplusplus,7
2419,lasers,6
2420,Lifeboat,1
2421,adventures,7
2422,asia,2
2423,Greensboro,16
2424,schwa,3
2425,haiti,15
2426,xmonad,28
2427,nottingham,29
2428,ReadyClickAndGo,1
2429,wichita,5
2430,ModestMouse,5
2431,environment2,3
2432,drawitblind,17
2433,tomorrowiwill,4
2434,motivationalposters,1
2435,gape,10
2436,nhl,1
2437,2008is1929,1
2438,hail4sa,1
2439,accessibility,1
2440,Parkour,44
2441,SteamGifts,7
2442,andom,1
2443,opinion,7
2444,harmonica,4
2445,WilmingtonNC,10
2446,Cardiff,1
2447,wireless,3
2448,playstation,2
2449,Waco,71
2450,hookah,63
2451,Inception,1459
2452,circlejerkcirclejerk,6
2453,tanlines,1
2454,primeval,1
2455,FoundArt,9
2456,internetclassics,4
2457,midnighttrain,24
2458,USC,10
2459,theshittiestadvice,1
2460,ProveMeWrong,1
2461,fbb,2
2462,pol,1
2463,venturacounty,2
2464,historiography,6
2465,TellMeHow,1
2466,hon,15
2467,astrology,6
2468,FireflyTVSeries,1
2469,interracial,1
2470,screw,1
2471,poi,17
2472,Berklee,4
2473,morse,7
2474,charlie,1
2475,lebowski,6
2476,karmachan,2
2477,Celtic,4
2478,MuayThai,6
2479,Tokyo,8
2480,tipofmytounge,2
2481,Menspot,2
2482,botany,7
2483,Driod,2
2484,ClassicMetal,89
2485,quantum,1
2486,flippintricks,1
2487,lebanon,9
2488,Bikini,2
2489,work,17
2490,uofr,4
2491,Christian,5
2492,BattlestarGalactica,9
2493,freelance,57
2494,smt,1
2495,ThatsWhatSheSaid,1
2496,smalltalk,3
2497,avphile,2
2498,BikeLA,22
2499,ragefu,4
2500,interview,1
2501,IndependentThinking,9
2502,wordplay,33
2503,Syracuse,6
2504,genetics,3
2505,clocks,1
2506,queer,4
2507,hackerspaces,12
2508,barayeiran,1
2509,mmatraining,1
2510,websec,1
2511,waveinvites,2
2512,MexicoDrugWar,2
2513,wentworth,1
2514,aspergers,17
2515,missouri,51
2516,QualityAssurance,2
2517,1310TheTicket,6
2518,LoanModification,3
2519,fatfucks,3
2520,kraemahz,1
2521,it,11
2522,superman,1
2523,fff,1
2524,designcritique,2
2525,Tree,43
2526,forum,3
2527,Sunlight,25
2528,SuburbanFarming,10
2529,Karlson,1
2530,Puff,5
2531,misogyny,10
2532,vfx,8
2533,fwb,2
2534,freemusic,4
2535,Arkansas,33
2536,MAME,13
2537,leavers,4
2538,dayton,30
2539,entheogens,5
2540,virtualization,4
2541,PlatonicFriends,257
2542,jerky,7
2543,shockfront,3
2544,taobaofocus,3
2545,DeadRedditors,6
2546,angelangie,1
2547,PoliticalPhilosophy,18
2548,Hedberg,1
2549,DarwinAward,59
2550,THEREISAIDIT,2
2551,pugilanthropist,1
2552,Cigarettes,11
2553,GSU,14
2554,solaris,2
2555,statenisland,1
2556,initiativestrategy,7
2557,Starcraft3,3
2558,parlor,1
2559,jungle,1
2560,node,18
2561,SluttyAdvice,4
2562,Williamsport,5
2563,boltedontits,46
2564,elevatorfightclub,2
2565,udub,93
2566,mspaint,9
2567,shoppingtips,1
2568,AquariumFish,21
2569,RCHobby,1
2570,WhatsThatCritter,4
2571,datasets,2
2572,vmware,65
2573,coderegister,2
2574,blackjackandhookers,1
2575,alhenaadams,1
2576,cheerleaders,2
2577,conspiratard,253
2578,az4prez_funny,1
2579,diabetes,28
2580,katiebrown,2
2581,UoRPython,52
2582,delphi,31
2583,england,84
2584,homicidewatch,1
2585,INTP,15
2586,CRPG,42
2587,erlang,20
2588,Kiteboarding,21
2589,LearnUkulele,19
2590,DTN,1
2591,public,2
2592,hyderabad,8
2593,geography,18
2594,search,88
2595,acidstories,2
2596,zsh,1
2597,Zappa,33
2598,consideredsuicide,17
2599,Hosting,1
2600,fantasysports,39
2601,afghanistan,26
2602,volunteer,8
2603,searchisbroken,3
2604,RecommendMeA,5
2605,MeetLGBT,170
2606,bearsonhorses,1
2607,Schrodinger,7
2608,redditlogos,23
2609,fanfic,5
2610,guam,3
2611,asianbabes,5
2612,dasnet,3
2613,Albuquerque,50
2614,transit,15
2615,topreddits,6
2616,juggling,88
2617,lovedubstep,1
2618,flickr,7
2619,TheLastAirbender,127
2620,FFFUUUUUX_News,3
2621,HTCEVO,7
2622,Gymnastics,2
2623,tongues,2
2624,maemo,7
2625,stfubitch,2
2626,ColoradoSprings,1
2627,fuckbuddies,16
2628,sleeper141,5
2629,psychoass,4
2630,UMD,148
2631,InfiniteJest,1
2632,TradeDirectory,1
2633,Reading_Berkshire,8
2634,Bulbasaur,4
2635,redditsilver,1
2636,ucla,60
2637,psytrance,31
2638,stare_dad,12
2639,DebateAChristian,2080
2640,Niggaz,2
2641,wood,2
2642,Nightshift,202
2643,nycfood,17
2644,NightWatch,115
2645,twilightnews,1
2646,SC2,3
2647,Temple,74
2648,timetravel,30
2649,phuzion,1
2650,RapBattle,4
2651,infp,7
2652,fitnesscirclejerk,55
2653,autism,26
2654,sspaciss,1
2655,SelenaGomez,9
2656,wiki,1
2657,Talmud,4
2658,Top100SciFiNovels,4
2659,algorithms,4
2660,CollegeFootball,5
2661,cwru,86
2662,DebateAnAtheist,694
2663,MINIMALTECH,86
2664,seoul,31
2665,wenyude,1
2666,Sargent_St,6
2667,rescuedogs,86
2668,TampaBayLightning,1
2669,es,20
2670,gabber,3
2671,RambotheRedditDog,39
2672,TooMuchInformation,1
2673,Objectivism,12
2674,chapelhill,53
2675,namethemovie,399
2676,watermelonsucks,2
2677,criptards,1
2678,irc,36
2679,suicide,4
2680,Spore,3
2681,PCOS,6
2682,selfemployed,1
2683,testingsubreddit,10
2684,hackreddit,2
2685,glassofreddit,2
2686,ArtHistory,4
2687,psychologyquestions,1
2688,Young_Lawyers,1
2689,chile,71
2690,mystikraventest,1
2691,clickmenow,1
2692,Yarnswap,16
2693,ClipToon,1
2694,proletariat,7
2695,blackculture,7
2696,malkovich,47
2697,Vacation,6
2698,antiliberalism,1
2699,americanfootball,1
2700,noveltygraveyard,2
2701,hotelreddit,7
2702,euro,4
2703,drjnnk,2
2704,Relax,7
2705,Gadget,3
2706,evopsych,2
2707,Slackers,1
2708,curb,2
2709,bestoflists,19
2710,mississippi,10
2711,MadTeaParty,3
2712,fetish,5
2713,tropes,1
2714,Africa,20
2715,Gurus,5
2716,scavengerhunt,3
2717,thehunt,786
2718,NashvilleTN,28
2719,gamingnostalgia,3
2720,smartsex,1
2721,AnonConfessional,3
2722,ClimateCrisis,1
2723,bikesgonewild,94
2724,fallacy,4
2725,freeculture,31
2726,getinhere,2
2727,redditchoir,51
2728,iran,18
2729,EveryoneIsAMod2,37
2730,gamemaker,1
2731,mentors,42
2732,webgaming,2
2733,Mariners,38
2734,centralpa,17
2735,iastate,35
2736,mets,4
2737,latinaporn,1
2738,ggggg,5
2739,gmod,8
2740,Watches,6
2741,frink,9
2742,Philippines,82
2743,MusicEssentials,2037
2744,AirForce,6
2745,TiLMAR,6
2746,numerical,30
2747,Intro_to_Plato,4
2748,geekcraft,1
2749,helpme,4
2750,MoscowIdaho,8
2751,band_names,2
2752,tacos,6
2753,GreekBibleStudy,17
2754,touhou,6
2755,philsex,7
2756,moderndrinker,2
2757,DrRobertOwens,2
2758,Lethbridge,1
2759,spirituality,6
2760,StatTrek,1
2761,whatif,1
2762,TexasRangers,4
2763,TeamFortress2,3
2764,LandlordAdvice,1
2765,UpstateSC,5
2766,lilytour,5
2767,cartoons,3
2768,sephr,1
2769,StoriesWithAHole,319
2770,Invisible,2
2771,8YearswithJohn,2
2772,fsu,101
2773,evegonewild,2
2774,actuary,8
2775,canesandtophats,1
2776,AegonReligare,5
2777,compscipapers,53
2778,classifieds,2
2779,orkut,1
2780,treesgames,25
2781,minimal,15
2782,futuregarage,146
2783,QUTreddit,3
2784,CSART,1
2785,p2p,22
2786,RhodeIsland,17
2787,digimon,5
2788,Facials,2
2789,diet,1
2790,rescuecats,2
2791,crossdressing,10
2792,springfieldMO,2
2793,NPR,4
2794,altmed,81
2795,Cochonneries,1
2796,digg,836
2797,Posters,57
2798,pinball,39
2799,watchthisUK,14
2800,templates,1
2801,puppies,1
2802,alphamales,1
2803,coys,124
2804,Dietandhealth,8
2805,Marathon,1
2806,thepines,1
2807,breastfeeding,5
2808,lifehack,6
2809,markuppractice,6
2810,charts,6
2811,MarineBio,2
2812,NEU,154
2813,theories,5
2814,keys,5
2815,Revival,271
2816,ECU,1
2817,1Geeky,1
2818,vids,7
2819,iAmEating,1
2820,puzzles,11
2821,ienpw,4
2822,asianart,8
2823,beerporn,14
2824,hugemachines,4
2825,booksuggestions,86
2826,NotASubreddit,21
2827,GhostHunting,2
2828,unm,8
2829,Tabs,17
2830,socialanxiety,11
2831,HanShotFirst,1
2832,Stouffville,4
2833,property,1
2834,fayetteville,7
2835,Luxembourg,3
2836,professionalcycling,2
2837,ween,7
2838,HongKong,19
2839,casualgamer,2
2840,Badsites,2
2841,nikighetia,1
2842,autobalance,2
2843,boobs,1
2844,ChicagoGameSwap,11
2845,introvert,26
2846,Darts,3
2847,leaner,1
2848,itookavideo,4
2849,drumstep,4
2850,Handball,4
2851,Umphreys,72
2852,ONETREEHILL,1
2853,plan9,1
2854,glennbeck,3
2855,beards,27
2856,blackpower,6
2857,InternetHacks,1
2858,RCHeli,1
2859,halo,2690
2860,Azured,1
2861,DrawingWhileBored,1
2862,treesfood,2
2863,Bowling,6
2864,water,87
2865,androidapps,25
2866,happyhardcore,26
2867,houserawkin,2
2868,ucf,99
2869,chicagoroommates,5
2870,DrinkingBaseball,7
2871,askanything,38
2872,TonyCai,1
2873,piratepartyofcanada,6
2874,World_of_Mister,1
2875,Caprica,4
2876,Denmark,76
2877,30daysit,435
2878,regionalaustralia,39
2879,makerbot,4
2880,Icons,1
2881,Articles,1
2882,halloween,3
2883,Seniors,1
2884,freebord,2
2885,throatpunch,1
2886,debian,21
2887,tobehonest,6
2888,valve,12
2889,single,1
2890,armageddon,2
2891,xxfitness,172
2892,redditor_football,29
2893,gam,1
2894,MarijuanaDoc,2
2895,Hipster,5
2896,streetboarding,4
2897,sharks,1
2898,fatosphere,9
2899,farkle,6
2900,artswap,5
2901,GonG,1
2902,JustDoIt,4
2903,trapochon,1
2904,Agorism,4
2905,mydreamwebapp,1
2906,askaguy,2
2907,AsianNSFW,11
2908,randomvisitors,5
2909,birthday,2
2910,RecommendMe,2
2911,ReasonProduction,6
2912,grails,1
2913,starcraft2_class,528
2914,mindcontrol,1
2915,seinfeld,2
2916,eroticliterature,6
2917,vwllss,1
2918,Protoculture,1
2919,couchlock,1
2920,FantasySport,8
2921,InnerShow,1
2922,Debate,2
2923,albumcritic,2
2924,twinpeaks,1
2925,hometheater,1
2926,Moderating,42
2927,questgiver,2
2928,metacirclejerk,256
2929,elotto,1
2930,steak,6
2931,howardstern,1
2932,triforcetest,10
2933,WhatAre,3
2934,transformicemaps,5
2935,kungpaobeef,1
2936,Lawnchair,1
2937,dahouse,4
2938,PostEqualBan,1
2939,stencils,74
2940,stripclubs,2
2941,SKIiLCToMS,2
2942,solar,5
2943,CoolStoryBro,4
2944,pokemon_black,89
2945,keeleyhammett,5
2946,under18,68
2947,Interestingstuff,7
2948,soundtracks,4
2949,cityguides,1
2950,2cents,2
2951,lightwave,5
2952,testpost,1
2953,Major_major,1
2954,Tgirls,444
2955,GreenBay,7
2956,AdventureRacing,15
2957,pinoy,3
2958,vexillology,8
2959,Watch_Me_Ban_You,5
2960,onetimeI,14
2961,quittingsmoking,2
2962,shiterikgilsays,1
2963,lakemohawk,2
2964,keanu,2
2965,auckland,9
2966,TANJIANG,1
2967,MorgantownWV,9
2968,robot,2
2969,Blondes,11
2970,deathclub,6
2971,SummerGlau,16
2972,silky,3
2973,AlteSS,2
2974,raleigh,16
2975,furniture,7
2976,CollegeBasketball,138
2977,lida,1
2978,winehq,3
2979,shqip,1
2980,glbt,3
2981,Bestiality,1
2982,compartilhando,2
2983,eClose,1
2984,BestComics,1
2985,GoodNewsInBadTimes,3
2986,snooker,8
2987,TheArcadeFire,4
2988,loseit,774
2989,RedditchWebsite,5
2990,HighStrangeness,4
2991,ReasonableDiscussion,17
2992,Investments,1
2993,micegonewild,2
2994,RATS,18
2995,OandA,8
2996,ducklings,33
2997,Korean,37
2998,survivor,1
2999,forza,2
3000,MiddleEasternMusic,99
3001,deinteresocial,1
3002,mining,2
3003,artsinalabama,1
3004,asslick,8
3005,silverlight,2
3006,sc2lan,108
3007,fffffffuuuuuuuuuuu,1
3008,GW2Fans,1
3009,cannibus,2
3010,flying,6
3011,Firefighting,6
3012,bristol,128
3013,Arabic101,53
3014,Berries,8
3015,PunkGirls,5
3016,Broadway,1
3017,Maddox,3
3018,WEEDS,7
3019,rabbitsong123,1
3020,apple_trees,1
3021,Parasitology,2
3022,egalitarian,7
3023,buried,3
3024,LaughOrCry,7
3025,worms,51
3026,based,1
3027,Creereddit,1
3028,StPetersburgFL,3
3029,ASU,4
3030,StateOfTheUnion,29
3031,breakbeat,27
3032,seventies,11
3033,websphere,1
3034,nsf,4
3035,ShaverBay,1
3036,JeetKuneDo,1
3037,CustomerHorrorStory,4
3038,HIMYM,1
3039,prospectivememory,2
3040,roomba,1
3041,YooouuuTuuube,1
3042,vectorgraphics,6
3043,Defcon,11
3044,promote,1
3045,CheckOut,3
3046,kpop,13
3047,rollercoasters,3
3048,12vstore,4
3049,oaklandraiders,40
3050,biffo,1
3051,December,3
3052,dreammovies,1
3053,jewelry,2
3054,Pizza,27
3055,mathematics,5
3056,audit,1
3057,mrvids,1
3058,thegarden,6
3059,MissingPersons,19
3060,GenderSanity,8
3061,slash,1
3062,Dreadlocks,1
3063,uskomaton,4
3064,macprogramming,1
3065,farmville,6
3066,WTF_Florida,8
3067,dprk,2
3068,medicalschool,10
3069,confessions,28
3070,web_connect,1
3071,AppleVintageFaire,1
3072,unheardof,17
3073,prunes,2
3074,AltHealth,9
3075,conlangs,1
3076,mountaingoats,1
3077,Hojeus,1
3078,bkbeezy,6
3079,Wales,6
3080,SMS,1
3081,PDXEmployment,1
3082,unsw,6
3083,movieoneliner,11
3084,logophilia,10
3085,PAX,16
3086,Sherlock,65
3087,yard,3
3088,TheSociety,4
3089,hrw,1
3090,GameSwapCanada,1
3091,clearlyexplained,1
3092,manchester,137
3093,Shaded,72
3094,reddevils,7
3095,redditnomic,5
3096,HipHopMusicians,12
3097,Principe,1
3098,Balideals,11
3099,Induhviduals,1
3100,Chargers,19
3101,WWII,1
3102,yonewild,1
3103,XFiles,2
3104,nsfwvideos,11
3105,BeefFlaps,2
3106,tothemoon,51
3107,pokemonbattle,29
3108,Warezzila,1
3109,Newsandinformation,2
3110,xna,4
3111,Ledd,12
3112,GBV,2
3113,Bookbiz,1
3114,medical,1
3115,five,1
3116,Augusta,9
3117,ICT,1
3118,selfpix,1
3119,Web_Games,1
3120,NASCAR,1
3121,iPhoneDev,18
3122,ChipShip,1
3123,housekeeping,20
3124,BraggingRights,3
3125,Reprap,13
3126,ViralVideos,6
3127,SC2LeagueofNoobs,25
3128,musichookup,8
3129,software2,1
3130,citricsquid,7
3131,redditcss,1
3132,submarine,2
3133,Emergentism,5
3134,Clothing,1
3135,uscg,3
3136,tablets,14
3137,recycle,2
3138,openstreetmap,4
3139,Loans,1
3140,selfdevelopment,1
3141,Logic101,2
3142,Stuff_to_think_about,1
3143,SoBadItsGood,1
3144,GAMETHEORY,1
3145,HAM,4
3146,Forth,4
3147,GLOBAPISUPPLY,1
3148,lua,3
3149,sinema,1
3150,Seattle_bicycling,44
3151,archclass,3
3152,reddittown,79
3153,msu,48
3154,ElPaso,4
3155,TrollAlert,16
3156,Spacefleet,1
3157,yardsale,6
3158,UCONN,11
3159,fnv,37
3160,webhosting,3
3161,grateful,3
3162,fixnhl,9
3163,accorsistudios,1
3164,bottlepy,4
3165,ken86,2
3166,ech0,1
3167,AVIS_AREA_51,1
3168,rubyonrails,2
3169,louisck,3
3170,ancientciv,2
3171,SocialEngineering,4
3172,Makeup,1
3173,Heroism,1
3174,SayAnything,4
3175,WPI,1
3176,TaxeWorld,1
3177,NederReddit,1
3178,cocaine,3
3179,Dentistry,2
3180,origami,2
3181,annaunderscore,11
3182,VirginiaTech,34
3183,SpringfieldIL,5
3184,outreach,2
3185,gents,1
3186,TkDirecc,1
3187,macgaming,1
3188,unity_games,6
3189,MatchOfTheWeek,4
3190,Advice,3
3191,BUSEY,5
3192,CanFreeRadicals,1
3193,artcritique,1
3194,treehugger,7
3195,Twee,1
3196,Tobacco,11
3197,JustGareth,1
3198,MemphisRollerDerby,3
3199,nommit,1
3200,electrohouse,225
3201,photojournalism,1
3202,log1k,3
3203,BritishTV,565
3204,measure,2
3205,wave,19
3206,RollerDerbyReddit,16
3207,opera,2
3208,scribblenauts,1
3209,cleverbot,1
3210,nottheonion,1
3211,whygame,18
3212,ceazysun,2
3213,DosugPoRuskij,6
3214,redditrequest,245
3215,SCAchieve,1
3216,photobomb,5
3217,90days,776
3218,Cinema,2
3219,BadMods,2
3220,HighRes,2
3221,kittypics,1
3222,Zerg,5
3223,beard,3
3224,coldfusion,9
3225,espnFFleague,109
3226,wisdom,1
3227,lastnightontv,3
3228,wtf2,2
3229,battlefield3,21
3230,disapproval,4
3231,STS9,2
3232,recprogramming,24
3233,Gunpla,33
3234,mydrugmusic,3
3235,Jewish,1
3236,birthdaystick,39
3237,wowrp,1
3238,TheGreatEscape,14
3239,rosettacodeorg,2
3240,Swimming,20
3241,Rubicon,67
3242,SC2Schoolbus,1
3243,gayrights,1
3244,cuckolding,2
3245,workfromhomers,17
3246,neopets,10
3247,bobdylan,29
3248,ask,79
3249,openprinter_announce,2
3250,lobsterpics,1
3251,csharp,6
3252,Motivational,1
3253,RedditRanch,9
3254,xbox360games,9
3255,fallenearth,4
3256,Spanking,11
3257,journolution,4
3258,Mormonism,2
3259,AskRedditAnything,9
3260,joshy2,1
3261,GSB,18
3262,OttawaSenators,13
3263,Westchester,6
3264,discworld,12
3265,hamburg,6
3266,agi,2
3267,linksilike,2
3268,liquiddance,1
3269,bellevue,6
3270,hatersgonnahate,1
3271,gosu,1
3272,DickJokes,1
3273,Hoboken,8
3274,ageofempires,9
3275,desktops,1
3276,Photoessay,32
3277,mountandblade,7
3278,CollegeStation,3
3279,Redskins,64
3280,MDMA,7
3281,llamafarmers,3
3282,CanPoliAction,6
3283,redditgenetic,1
3284,jihadwatch,4
3285,flamewars,1
3286,Pennsylvania,11
3287,selfhelp,29
3288,RalphPlsGo,1
3289,IntroToPiano,7
3290,Smokespots,1
3291,hotamputees,2
3292,PublicRelations,4
3293,shorthairedhotties,38
3294,Petition,1
3295,pekinillinois,1
3296,Demoscene,4
3297,NaotoHattori,1
3298,poland,4
3299,doktorcapo,1
3300,redditathon,9
3301,Exmostats,3
3302,lesbians,13
3303,off_lawn,4
3304,Marriage,11
3305,Antiques,2
3306,Plumpers,34
3307,flyingsupernerds,1
3308,bobblehead,7
3309,Coalmarch,6
3310,drakester080,22
3311,copycat,9
3312,OVER30REDDIT,16
3313,hbo,8
3314,exmormonism,3
3315,Speleology,2
3316,saskatoon,20
3317,fedor,30
3318,WebCamxxx,1
3319,WEARETHEMOVIEMAKERS,1
3320,northkorea,2
3321,CostaRicaCR,1
3322,death,2
3323,magick,11
3324,gameslist,2
3325,TrueMetal,54
3326,HipsterMetal,6
3327,mandolin,4
3328,quake,4
3329,navy,1
3330,unicycling,2
3331,hungry,3
3332,EDRecovery_public,11
3333,CheesecakeHeaven,1
3334,mississauga,8
3335,apple2,4
3336,left,2
3337,Hurrit,1
3338,rct,14
3339,duke,30
3340,srirachasauce,5
3341,ObjectiveC,4
3342,beerpong,1
3343,entertainmentnews,1
3344,triplemetacirclejerk,11
3345,Charity,2
3346,DKTribute,1
3347,mwc,6
3348,OhadGreenshpan,1
3349,horse,1
3350,NLP,6
3351,GrammarNazi,2
3352,jcomtw,2
3353,deadchannel,7
3354,tf2lemmings,66
3355,InsaneKillerChat,5
3356,freepromote,5
3357,ETF2LHighlander,177
3358,wyoming,4
3359,OCD,1
3360,olympia,2
3361,SherlockHolmes,1
3362,Bioen2012,1
3363,UniversityofKentucky,8
3364,tf2comp,6
3365,management,4
3366,gentlemansclub,1
3367,thoriumreactor,6
3368,giftgold,64
3369,ambient,10
3370,DJtunez,1
3371,MidMoColumbia,1
3372,macvspc,1
3373,ENOUGHALREADY,2
3374,codbo,87
3375,IntroToFarsi,6
3376,analyticphilosophy,1
3377,inthemorning,74
3378,Belegarth,15
3379,NotYou,2
3380,batteryexpress,63
3381,sixshun,3
3382,Somatheeram,2
3383,coolthings,2
3384,cheapghd,1
3385,Sarah_Palin,2
3386,portableapps,2
3387,bcalrc,1
3388,asktransgender,59
3389,battlefieldeurope,11
3390,gpgpu,2
3391,democrats,10
3392,plumbingreddit,2
3393,artificial,7
3394,Redditchess,19
3395,thebullpen,21
3396,dragoncon,14
3397,things,1
3398,TheBlackRifle,1
3399,Frat,1
3400,Kucinich,2
3401,shootmetobesure,4
3402,FinalFantasy14,1
3403,90sNostalgia,47
3404,blaaaah,1
3405,lifehacks,1
3406,ritfl,320
3407,NTxEnts,5
3408,TheWalkingDev,3
3409,hockeyHOF,10
3410,corsets,1
3411,devo,9
3412,beatles,2
3413,nzmusicians,1
3414,kn0thing,2
3415,SpaceIndustry,1
3416,fuck,1
3417,UrbanDesignClass,5
3418,drunk_with_hats,4
3419,Unemployed,2
3420,PhilosophyOfTech,2
3421,carepackage,80
3422,idontunderstand,2
3423,Braves,83
3424,awesomechicks,10
3425,printSF,47
3426,nrl,2
3427,HighlanderChallenge,26
3428,butterface,1
3429,xtoysasiatan,1
3430,O_Faces,9
3431,diablo3,15
3432,SeaShepherd,29
3433,Coq,1
3434,socialwork,1
3435,ClassicVW,1
3436,rectalpics,26
3437,NativeAmerican,6
3438,kohana,1
3439,PeterSchiff,3
3440,Denden16,1
3441,choupy,5
3442,metalworking,8
3443,inspirational,1
3444,apache,2
3445,disco_biscuits,1
3446,tasker,135
3447,auctions,1
3448,iugaming,4
3449,MUSICA,2
3450,HardRock,38
3451,90daysgoal,749
3452,cakephp,1
3453,theleague,22
3454,Hartford,1
3455,Employment,1
3456,treegaming,2
3457,NewMexico,2
3458,poetryofscience,1
3459,SeattleMovieNight,6
3460,canes,7
3461,Jersey,1
3462,Fittit,1
3463,led,1
3464,truebluedating,1
3465,ryerson,53
3466,IndieRockPop,2
3467,meego,15
3468,Knowing,4
3469,mnc,420
3470,Atkins,2
3471,norfolk,43
3472,controllablewebcams,10
3473,VinylCollectors,25
3474,joke,1
3475,Hypothyroidism,32
3476,blasphemy,1
3477,prisonreform,1
3478,whisky,2
3479,footballmanagergames,38
3480,deaf,1
3481,UKFunky,10
3482,Hobosexuals,2
3483,limbojerk,7
3484,neuroscience,3
3485,Torontoevents,610
3486,sandymith,1
3487,highfiveme,4
3488,IThinkGarfieldIsOkay,2
3489,dotetracontagonjerk,1
3490,ImTestingSomething,1
3491,Algonquin_College,14
3492,Crafturbation,2
3493,Cubers,13
3494,learncsharp,28
3495,GoldGoneWild,1
3496,SantaBarbara,37
3497,FlowerArranging,2
3498,Acervus,1
3499,Karl_Rinke,2
3500,stronglifts,2
3501,bulgaria,1
3502,amateur_filmmakers,18
3503,easymoneyforteens,2
3504,Lighting,1
3505,ACTA,1
3506,Pottery,7
3507,sleepisdeath,1
3508,midgetsmut,2
3509,guitarpedals,5
3510,EUISpam,7
3511,tcp,77
3512,milsurp,2
3513,InlandEmpire,1
3514,uofm,2
3515,Nokia,4
3516,diplomacy,3
3517,Veterinary,1
3518,FromMe2U,3
3519,treesmusic,4
3520,minecraftau,548
3521,tulsa,40
3522,yale,1
3523,vortexmath,6
3524,cassandra,14
3525,forrectaluseonly,1
3526,UofT,8
3527,ufc,8
3528,joepunk,1
3529,redditroommates,10
3530,Enhancement,336
3531,smallprog,4
3532,amateurastronomy,1
3533,uchicago,20
3534,mutfakmacerasi,6
3535,Rabbits,15
3536,NewEarth,1
3537,chooseyouradventure,12
3538,AIK,1
3539,ClosedCaptioning,1
3540,conspiracyhub,2
3541,recursivecirclejerk,2
3542,ma1kel,1
3543,ABFMB,1
3544,hasanybodyelse,2
3545,ISYS303IanJoyner,1
3546,NeedToKnow,4
3547,hsidc,1
3548,Liberal,29
3549,everything,1
3550,anus,1
3551,sleeptalk,2
3552,OU_Norman,50
3553,socceroos,1
3554,ada,6
3555,newfoundland,7
3556,agnosticism,5
3557,sc2au,1
3558,exercisemusic,8
3559,Annoying,1
3560,netneutrality,21
3561,jrock,1
3562,topfive,13
3563,amiga,2
3564,Colts,5
3565,Reddit_Meetup_UK,6
3566,MyAsianGirlfriend,2
3567,Palestine_is_Jordan,4
3568,qwantz,1
3569,vintage,2
3570,politics_sans_us,1
3571,tjwarren,6
3572,49ers,258
3573,haskell_proposals,5
3574,lookatmyboyfriend,5
3575,durr,2
3576,AgainNext,1
3577,Dreddit,1
3578,sfdc,13
3579,Faces,4
3580,kingstonu,1
3581,consciousness,1
3582,bourneoftruth,1
3583,DSP,1
3584,affableponies,4
3585,chrome_extensions,2
3586,ecycle,1
3587,Galaxy_S,84
3588,as400,2
3589,noagendashow,1
3590,LAGalaxy,20
3591,LondonPics,1
3592,interdisciplinary,2
3593,death_metal,1
3594,Catholic,11
3595,lawvslife,4
3596,flexi,2
3597,SF_Book_Club,15
3598,TopChefFans,1
3599,aggieliberal,2
3600,bashtricks,1
3601,SkyDiving,37
3602,whistleblower,2
3603,Moustache,1
3604,hookups,2
3605,KoalaBomb,3
3606,HandsAcrossAmerica,58
3607,mixtest,1
3608,Chefit,18
3609,slackware,2
3610,Relationship,4
3611,ifquestions,77
3612,TellReddit,1
3613,CNGH,131
3614,musicslowdown,43
3615,superchristians,6
3616,beats,1
3617,wanderlust,1
3618,cocoadev,1
3619,reddittraveljetblue,108
3620,outerlimits,14
3621,TFMfastest,4
3622,epistemology,1
3623,jlpt,1
3624,StorySorcerer,1
3625,union,1
3626,emoticons,3
3627,photoclass,573
3628,palomafaith,1
3629,SomeoneMakeThis,1
3630,acoustic,1
3631,HoMfloor,98
3632,538virginia,2
3633,slowitup,82
3634,popper,6
3635,1920s,30
3636,yoursearchbuddy_com,1
3637,OpenSimAnt,11
3638,vampires,2
3639,race,1
3640,OrganicGardening,13
3641,ThisIsWhatImReading,38
3642,WWMD,3
3643,redditmakesagame,18
3644,art_int,2
3645,OSU,7
3646,GWYM,108
3647,applescript,1
3648,alcoholexchange,4
3649,pwap,2
3650,taobao,1
3651,Cairns,1
3652,Admin,21
3653,powerlearningcenter,2
3654,intelligencesquared,8
3655,videoconverter,2
3656,OGame,3
3657,Yagu_Is_A_Babby,1
3658,Kubuntu,2
3659,grunge,3
3660,gotrich,2
3661,TheLarsClan,1
3662,cambridge_uni,43
3663,animeclub,10
3664,PunkLovers,1
3665,Heath,1
3666,Gameboy,6
3667,astro,8
3668,touchpanels,4
3669,nothumbnails,1
3670,Sixties,1
3671,ytknowstest2,2
3672,gamestreams,48
3673,AsianAmericans,8
3674,DroidX,2
3675,QuantumCirclejerk,3
3676,StuffedAnimals,1
3677,jabberzac,5
3678,KHGuide,15
3679,Killer_Tofu,4
3680,TheWebList,1
3681,GoMoNolog,4
3682,malehairadvice,39
3683,Montana,26
3684,princeton,10
3685,chubbyshemale,16
3686,USF,14
3687,isys303,2
3688,Vaping,5
3689,FuckHumanity,1
3690,mumbai,7
3691,munis,4
3692,tf2items,74
3693,BackyardHabitat,1
3694,graydon,13
3695,CompanyOfHeroes,4
3696,androidappreviews,2
3697,TF2SLD,30
3698,locksport,7
3699,service,1
3700,coins,1
3701,LGBTerrific,1
3702,artcritical,4
3703,fortran,3
3704,rswebsols,1
3705,oyunekibi,1
3706,the13colonies,42
3707,TF2_Trading,30
3708,Victoria,5
3709,interrobang,2
3710,LesPaul,2
3711,WingChun,5
3712,Desktop_Wallpaper,3
3713,urbantransport,5
3714,elephantsealbait,3
3715,contretemps,1
3716,EveryoneIsAMod,2
3717,ypsi,1
3718,hitler,1
3719,physicsbooks,3
3720,dancehall,2
3721,recordstorefinds,5
3722,LNC,144
3723,GMannes,3
3724,Doppleganger,1
3725,sheffield,2
3726,Baroque,1
3727,Everybody,47
3728,SongMeanings,3
3729,dolan,5
3730,shogun2,3
3731,beasts,9
3732,80s,4
3733,bottlesofbeer,111
3734,BurnNotice,6
3735,postquebec,4
3736,kravmaga,3
3737,missoula,11
3738,Quagmire,2
3739,Paleontology,5
3740,EA_NHL,136
3741,panthers,6
3742,insomniaclyric,11
3743,Sexist_reddit,1
3744,shogi,1
3745,philly,6
3746,indianapolis,45
3747,Seahawks,24
3748,trolltunga,1
3749,PLU,1
3750,Browns,23
3751,circlejerl,1
3752,GoatVideos,1
3753,mcprivate,487
3754,Nsfw_Amateurs,28
3755,thesims,6
3756,heythatwasin,89
3757,gothicandhorror,4
3758,fortunecookie,2
3759,powerviolence,12
3760,AppInventor,1
3761,MichelleTrachtenberg,8
3762,RedDwarf,48
3763,CKHPHighlanderTeam,62
3764,ArmsControl,1
3765,jambands,1
3766,bzop,2
3767,RMaddowCircleJerk,2
3768,mspainttoday,1
3769,SnitchList,3
3770,modified,7
3771,montypython,1
3772,csdthegreat,3
3773,UNI,7
3774,couchsurfing,3
3775,whatofsaydrah,1
3776,wweo,1
3777,Bodypiercing,1
3778,JoeFist,2
3779,fortpierce,5
3780,bridge,1
3781,TwinCityProjects,14
3782,AustraliaNoBS,2
3783,TheChurch,26
3784,writers,4
3785,teamcuil,33
3786,Recipies,2
3787,UCI,10
3788,Shores_of_Hazeron,5
3789,Amandak2,1
3790,supersecretclub,1
3791,edbnt,8
3792,karate,9
3793,miamidolphins,70
3794,AppleApps,1
3795,silenthill,1
3796,capetown,4
3797,daimx,1
3798,resilientcommunities,3
3799,britpolitics,2
3800,RenaissanceFestivals,6
3801,XBLIG,8
3802,musicvideo,1
3803,Money,2
3804,doc,10
3805,scrodar,2
3806,prop8,1
3807,poolinfo,2
3808,usefuladvice,1
3809,Horses,7
3810,inspiration,1
3811,restaurant,2
3812,rugcreloaded,2
3813,tczhsm2010,1
3814,MEMS,2
3815,cdfcomms,5
3816,RBME,1
3817,ukiyoe,1
3818,mydesktop,2
3819,UCL,24
3820,quantfinance,25
3821,debauchery,3
3822,Chromium,1
3823,HartfordWhalers,16
3824,Liverpool,9
3825,selforganization,2
3826,BikingATX,44
3827,diagnosed,3
3828,CyclePDX,36
3829,HeyNow,2
3830,UNIFI,1
3831,TechEntrepreneur,4
3832,Germs,1
3833,epidemiology,20
3834,GuildWars,48
3835,cfs,10
3836,anarchocommunism,158
3837,czech,1
3838,Bitching,1
3839,Costco,100
3840,peace,1
3841,eatingasammich,4
3842,watersports,1
3843,cum,2
3844,perfectalbumside,1
3845,ShiftyLookingTeen,1
3846,CHIBears,18
3847,watchthis,2
3848,Gothic,1
3849,print,1
3850,RealWomenNaked,1
3851,exam,1
3852,ps2,8
3853,samedayloansau,1
3854,Senzation,1
3855,3DMA,5
3856,APBIOLOGY,29
3857,saskatchewan,7
3858,Demonoid,7
3859,Reno,34
3860,uiowa,1
3861,Amsterdam,17
3862,asatru,1
3863,maui,1
3864,obeygiant,1
3865,looksgoodonatshirt,1
3866,humanRightsLiberties,2
3867,cedarpoint,2
3868,BastropTX,2
3869,legaladvice,1
3870,cnf,8
3871,obits,3
3872,linkbuildingninja,1
3873,YahooCamGirlsOnline,3
3874,nl,2
3875,MultipleSclerosis,5
3876,Subarukayak,1
3877,lakers,12
3878,FileHosting,2
3879,gunsmithing,25
3880,OffGrid,31
3881,IASIP,59
3882,luddite,3
3883,giveaways,3
3884,My_KeTat,3
3885,UVA,25
3886,RHL,110
3887,BestHeadlineEver,1
3888,Assistance,243
3889,animalid,17
3890,RenewableEnergy,51
3891,thewalkingdead,7
3892,Custom_Motorcycles,20
3893,BreHaydenPhotography,6
3894,4x4,3
3895,KnowYourRights,21
3896,RedditizeME,3
3897,SeattleEvents,3
3898,openttd,4
3899,Jurisprudence,2
3900,facesinplaces,3
3901,lonely,21
3902,whatwillido,13
3903,IntComments,2
3904,Spokane,9
3905,complexanalysisclub,62
3906,cssgrot,1
3907,1337,1
3908,agile,2
3909,HONORSBIOLOGY,27
3910,morrowindmmo,47
3911,schemes,2
3912,FazalZubair,3
3913,goodluckbuy,1
3914,NuclearPower,8
3915,Habs,5
3916,zaitakuarubaito,3
3917,tickling,1
3918,GloucesterCounty,1
3919,podcast,2
3920,stevens,5
3921,saraithong,1
3922,nerdgirls,1
3923,Sidemenforpaul,1
3924,the_smell_of_reddit,4
3925,MMATalk,12
3926,corvallis,2
3927,seriea,3
3928,NoseMining,3
3929,PHPnewbies,2
3930,unicornporn,6
3931,product_design,10
3932,jumpgate,3
3933,duffmillersms,1
3934,survivalism,4
3935,FFUU,2
3936,iTouch1G,2
3937,diggasylum,5
3938,laliamos,1
3939,cooltools,2
3940,youranstupid,4
3941,thibit,7
3942,hipmunk,2
3943,StrikeAction,13
3944,SanJose,4
3945,Tucson,4
3946,AnaheimDucks,3
3947,orgy,4
3948,OregonStateUniv,9
3949,academiceconomics,7
3950,morelikethat,39
3951,husky,1
3952,Birdflu,14
3953,floss,1
3954,FuzzyGood,1
3955,hoes1234,2
3956,starwarslounge,5
3957,TheRedditExperiment,3
3958,jews,1
3959,Cosmetics,8
3960,buttonupbabes,18
3961,Fisting,1
3962,MusicFail,1
3963,Ninjas,2
3964,Transportation,2
3965,eveonline,1
3966,ARKEOLOGOSMAN,1
3967,Reddit_Road_Trip,9
3968,Yapi,11
3969,lowcarb,1
3970,redditgreen,2
3971,asoiaf,5
3972,threads,1
3973,h4ckers,1
3974,905,174
3975,sadcandy,2
3976,nashua,6
3977,FOSSHelpWanted,3
3978,kandigirls,7
3979,HowToMessWith,5
3980,eupolitics,1
3981,scene,1
3982,CelebFakes,3
3983,Costo245,3
3984,consequences,3
3985,CoolUserNames,2
3986,events,2
3987,Eprime,1
3988,RedPolitics,5
3989,SULTAN,14
3990,lexington,9
3991,AmateurPorn,1
3992,CRM,4
3993,AlienBlueNews,16
3994,freethinkers,66
3995,Khazar_Pride,52
3996,riseagainst,4
3997,culturejamming,13
3998,reviewmycode,6
3999,nosql,1
4000,GTFO,1
4001,NewFlashGames,2
4002,PoopSandwiches,15
4003,depressed,2
4004,Tibia,7
4005,duluth,11
4006,fuckeverything,8
4007,deakons,1
4008,ScFi,1
4009,RapidshareList,3
4010,excilys,1
4011,myporn,1
4012,Veeracholan,1
4013,stuff_i_bookmarked,1
4014,StarIV,1
4015,neofolk,1
4016,8bit,3
4017,treeplanting,2
4018,thestatuscompany,1
4019,amadamo,1
4020,oglaf,1
4021,triphop,12
4022,Comment_Stalking,3
4023,popping,4
4024,scouting,5
4025,phpscripts,22
4026,impoliteconversation,1
4027,HardEconomics,2
4028,tf2coaching,2
4029,TodoREACH,1
4030,aliennexttothename,1
4031,Waiting,4
4032,Mustard,2
4033,bookmarklets,1
4034,SwineTime,2
4035,PrtScrn,1
4036,tf2west,18
4037,useful,1
4038,Stepmania,22
4039,Ezredes,1
4040,midi,1
4041,Primacea,1
4042,TheNightShift,1
4043,Bluegrass,5
4044,rastafari,1
4045,stupidshit,2
4046,AskMen,7
4047,Crazyray,1
4048,scientific_denialism,2
4049,stonedquantumphysics,1
4050,dvdsetcollection,2
4051,falsehood,1
4052,Elior,1
4053,WorldHistory,11
4054,mdeemson,1
4055,PerfectPM,1
4056,sourcesdk,1
4057,pool,10
4058,DigitalPackrat,1
4059,BIKEPOLO,18
4060,VOIP,5
4061,EDC,1
4062,Wesleyan,1
4063,tacocovers,3
4064,ATEC,2
4065,postmetal,1
4066,teatime,2
4067,poll,1
4068,dartmouth,3
4069,morelikethis,5
4070,eebooks,5
4071,chartchess,2
4072,hitchhiking,2
4073,LOD,3
4074,correct,2
4075,whatactuallyexists,2
4076,Swerve,1
4077,TheRoundTable,11
4078,fit,1
4079,spaniards,1
4080,Charitable,2
4081,firstrobotics,3
4082,curvy,1
4083,highresolution,5
4084,NickandNoah,1
4085,BSUFootball,7
4086,terrace,8
4087,frecklefans,6
4088,dik,1
4089,CURRENTEVENTS,1
4090,Marysville,1
4091,charmander,4
4092,drugwar,1
4093,tvprogramming,3
4094,Ehandel,1
4095,NationState,1
4096,augmentedreality,4
4097,linuxphoto,14
4098,xfce,1
4099,tvseries,1
4100,CAA,1
4101,ntnu,17
4102,weimaraner,1
4103,Ethiopia,1
4104,CREATIVEMAGAZINE,1
4105,Imanz,4
4106,quant,1
4107,jerk,1
4108,cactus,7
4109,metaleks,4
4110,Madden,2
4111,derpderp,1
4112,redditaion,1
4113,moonshine,2
4114,ChemicalEngineering,9
4115,materials,1
4116,dndeez,24
4117,DrugWarNews,5
4118,MoneyEarningNow,1
4119,MonsterRancher,5
4120,FortWorth,20
4121,whatsthisbug,143
4122,Fabrics,4
4123,hiphopgoblin,1
4124,thismemeshoulddie,1
4125,LMU,1
4126,snowpics,12
4127,ravens,45
4128,imito,2
4129,itpdot,1
4130,MusicMakersCritique,38
4131,LSAT,2
4132,kings,1
4133,shitmydadsays,3
4134,co_mo,2
4135,sigep,4
4136,postpunk,3
4137,warriors,3
4138,amherst,3
4139,Keralam,1
4140,austinburlesque,3
4141,AskAmericanReddit,1
4142,COD,2
4143,Poem,2
4144,HTML,2
4145,NaziHunting,81
4146,Sagan,1
4147,boardsofcanada,1
4148,saddestof,3
4149,complaints,2
4150,prius,3
4151,personals,1
4152,compsoc,1
4153,simracing,41
4154,BassFishingSource,2
4155,christianbashing,2
4156,spicy,166
4157,Drifting,10
4158,roommateswanted,1
4159,HaveYouSeenUs,1
4160,appletv,3
4161,Boardgame_AI_101,51
4162,writingcontests,4
4163,PornReview,3
4164,shacknews,1
4165,grouphug,1
4166,bubbling,506
4167,RealDolls,3
4168,DonovanGendal,2
4169,CompetitiveBearding,1
4170,UGKrishnamurti,2
4171,amateur_pics,3
4172,DumbShitYouSay,1
4173,MvC3,1
4174,obituary,4
4175,roguelike,1
4176,PS3borrow,32
4177,racquetball,2
4178,csusm,11
4179,vets,7
4180,IndianCelebrities,1
4181,mormonsgonewild,2
4182,Neotokyo,1
4183,BrickHouse,2
4184,killingfloor,1
4185,directory,1
4186,debbie_downer,3
4187,ems,1
4188,wp7,2
4189,prolog,4
4190,Yiddish,4
4191,pune,2
4192,pis,1
4193,RUGC_West,1
4194,AdoptANoob,4
4195,yugioh,31
4196,granny,1
4197,chocolate,1
4198,Toolmaker,1
4199,newsreaders,3
4200,autotune,1
4201,buildapcsales,51
4202,cuscotravel5,1
4203,mungojelly,4
4204,wisconsinlaw2013,2
4205,no,12
4206,jerseycity,5
4207,wasteoftime,3
4208,gamedevquestions,9
4209,cilpot,1
4210,cuboulder,1
4211,recumbent,4
4212,copywriting,1
4213,Maxcactus,2
4214,dogssmokingpipes,2
4215,americanindie,1
4216,Spearfishing,3
4217,UofMemphis,21
4218,arbor,7
4219,Berserk,1
4220,DearReddit,1
4221,shirts,1
4222,Good_Cop_Free_Donut,2
4223,berkeley,127
4224,YaGirlNextDoor,1
4225,NutritionUpdates,5
4226,Gutschein,1
4227,Tcl,2
4228,4talesa,5
4229,fountainpens,7
4230,hangover,1
4231,conifers,4
4232,parrot,1
4233,gender,4
4234,opendevelopment,1
4235,StrandedWhale,1
4236,OutdoorSports,5
4237,Essays,2
4238,dfw,1
4239,ChineseLanguage,1
4240,360MW2,25
4241,exSistersinZion,56
4242,PeopleStaring,1
4243,Communications,1
4244,cuda101,8
4245,TechTV,1
4246,joomla,5
4247,Cuckold,1
4248,Irrigation,3
4249,ThePriceIsRight,43
4250,hhc,2
4251,awesomeness,1
4252,gb1990,1
4253,SDSU,38
4254,philosophyclub,41
4255,100fm6,2
4256,Affiliates,1
4257,TinyHouses,1
4258,AFL,20
4259,AllMods,4
4260,ANDRA,1
4261,Mommit,98
4262,bakedart,16
4263,Ostracon,2
4264,Neal,1
4265,Comedycasting,2
4266,Athens,2
4267,insults,1
4268,Skeet,4
4269,negaraku,1
4270,aurora,2
4271,tampabay,1
4272,migas,2
4273,galway,1
4274,FrugalFlicks,1
4275,gamersguide,1
4276,Neil_deGrasse_Tyson,1
4277,rum,7
4278,MetaAnarchism,22
4279,StJohnsNL,4
4280,Amd,3
4281,musique,1
4282,Anarchist,8
4283,mayonesafans,1
4284,JRPG,10
4285,meta,6
4286,CFB,2200
4287,Marquette,5
4288,preggo,5
4289,micspam,1
4290,Abarcas,2
4291,activism,1
4292,cool,1
4293,mordor,1
4294,goodmorning,1
4295,Sarnia,1
4296,PornVideos43,1
4297,motivation,1
4298,dealaday,1
4299,guessthesubreddit,1
4300,bubblepics,2
4301,ihope,1
4302,KTRU,2
4303,bestsitesever,3
4304,mcservers,781
4305,whatisthisthing,18
4306,nin,12
4307,bangalore,5
4308,octagonjerk,1
4309,cyber,1
4310,HomeMaintenance,2
4311,trolldad,2
4312,DelawarePolitics,1
4313,engrproject,7
4314,left_handed,3
4315,veracruz,1
4316,guides,1
4317,farming,6
4318,incognitosuccess,1
4319,grad,2
4320,Genshiken,1
4321,GoogleTV,3
4322,___,639
4323,lnb,3
4324,Connnnie,1
4325,GameChallenges,1
4326,cyprustourism,3
4327,factor,2
4328,TotalAnnihilation,2
4329,webinspiration,1
4330,getlaid,1
4331,androidtabs,4
4332,comic_crits,72
4333,osugame,32
4334,Stomach,1
4335,Dumbasses,2
4336,africansoccer,2
4337,ObscureMedia,9
4338,100wordstories,1
4339,decide,7
4340,nazi,2
4341,RedditvFCC,68
4342,gamming,1
4343,exmormonfffuuuu,9
4344,KansasUniversity,11
4345,ps3hacks,12
4346,frozensynapse,1
4347,Inlandnorthwest,6
4348,rectanglejerk,1
4349,mormonporn,1
4350,ParallelKingdom,1
4351,EroticSubmission,1
4352,BondageGirls,2
4353,Bottomless_Vixens,1
4354,gameprogramming,1
4355,WhereToGo,4
4356,whiskey,1
4357,stcatharinesON,1
4358,kzoo,1
4359,thousandhours,6
4360,york,1
4361,mystartup,1
4362,titfuck,1
4363,userstyles,3
4364,e17,1
4365,JungleFever,3
4366,ukmcnortheast,2
4367,Osaka,10
4368,FrontPage,1
4369,meanwhileInJapan,3
4370,fantasyhockey,7
4371,womensmokingweed,32
4372,GreenParty,8
4373,uicwhatshot,17
4374,WritingPrompts,6
4375,cooltales,1
4376,newcollege,1
4377,photo,1
4378,Veganism,1
4379,snacks,2
4380,ColbertRally,8394
4381,Huntsville,1
4382,Dinosaurs,4
4383,magicgathering,8
4384,phoenix,7
4385,studygroup,4
4386,consulting,1
4387,steroids,1
4388,racing,1
4389,femalesgonewild,1
4390,CanadianPolitics,17
4391,opensourcehardware,3
4392,Hunger,1
4393,SPEV,6
4394,bank,1
4395,wilwheaton,11
4396,midgets,1
4397,Entlantis,177
4398,deep_ecology,6
4399,matt,5
4400,ambiversive,5
4401,celeb,1
4402,violenceagainstwomen,1
4403,backpacking,3
4404,PostHardcore,1
4405,tricities,14
4406,o7i3,10
4407,Sonsofanarchy,24
4408,ptkchiepsilonproject,75
4409,Negocios,1
4410,nametheperson,7
4411,SamanthaJayne,1
4412,minecraftsuggestions,4
4413,hungary,3
4414,Printmakers,5
4415,paleskin,1
4416,WhatWouldYouRather,151
4417,Harley,2
4418,noelsusman,1
4419,ufl,10
4420,audible,3
4421,GoRVing,1
4422,cloudspotting,1
4423,TheistVsAtheist,1
4424,PoliticalStrategy,1
4425,Bittorrent,1
4426,aycj,1
4427,JonBenetRamsey,5
4428,smartphone,1
4429,EventsNYC,7
4430,BBW,1
4431,our,1
4432,QuantumComputing,3
4433,noob,2
4434,PoliticsPDFs,4
4435,LearningASL,1
4436,AsianAmericanIssues,1
4437,Gainesville,1
4438,sc2replays,27
4439,louie,1
4440,gso,4
4441,webdeals,1
4442,letshavebeertogether,1
4443,Rainmeter,1
4444,PetRede,1
4445,programingchallenges,1
4446,caving,19
4447,IAMAUpdate,11
4448,pedalsteel,1
4449,stupidquestions,4
4450,burst,4
4451,AmericanJewishPower,3
4452,DOTDJAX,8
4453,Quipster,2
4454,Rockwall,43
4455,english_articles,3
4456,moronswithoutaclue,1
4457,JustMeJT,16
4458,LandscapeArch,2
4459,bioethics,6
4460,100BlackMen,6
4461,suppressors,2
4462,totse,20
4463,YogaPants,1
4464,Gin,1
4465,ECEHelpMe,12
4466,contacts,1
4467,iplayer,3
4468,intj,2
4469,Finland,1
4470,trees_movieclub,2
4471,Tempe,1
4472,metanarchism,1
4473,forumgames,1
4474,sweetafton,1
4475,burpees,5
4476,trailrunning,6
4477,smoking,1
4478,PowerShell,8
4479,Agriculture,2
4480,fargo,3
4481,ohm,1
4482,williamson,1
4483,Meetups,2
4484,team3,6
4485,gamedevclass,2
4486,dontBEaSHEEPLE,3
4487,cybermen,1
4488,chans,3
4489,DukeNukemForever,18
4490,vlogging,1
4491,Coyotes,5
4492,fringescience,2
4493,Cornell,5
4494,tutorials,1
4495,mypersonalblog,1
4496,rediculouswebsites,23
4497,humour,1
4498,tyneside,9
4499,NewAlbums,33
4500,blueberryjam,56
4501,DollarFiasco,13
4502,nishasharma,1
4503,nihilisms,6
4504,housing,1
4505,WAYWT,6
4506,stockings,2
4507,presents,2
4508,travelwriting,1
4509,thestarwars,4
4510,diabolo,1
4511,foambox,1
4512,UBC,2
4513,datass,1
4514,Glasgow_Celtic,2
4515,keroppi,1
4516,timecube,1
4517,SMU,4
4518,DearKittenmittens,3
4519,boosh,2
4520,contextfreepete,2
4521,_______________,1
4522,black_porn,4
4523,fonts,3
4524,holycheck,12
4525,MeganFox,2
4526,HELPPPP,8
4527,rmccuetest,1
4528,chat,1
4529,tallbuildings,1
4530,LoLTourney,46
4531,sportsbook,26
4532,Volunteers,4
4533,TreesSketchbook,8
4534,restaurants,1
4535,Biking,1
4536,chairs,4
4537,steelers,1
4538,curve,1
4539,ents,22
4540,norwegian_princess,1
4541,AvantGardeMusic,2
4542,macedonia,2
4543,ancientegypt,16
4544,email,1
4545,Round_Table,4
4546,hate,1
4547,socks,1
4548,meh,1
4549,developer,1
4550,car,1
4551,BDSMvideo,1
4552,fitnesschallenge,78
4553,BurningManNet,2
4554,linkedin,1
4555,frog,1
4556,windowsadmin,2
4557,galveston,2
4558,lojban,4
4559,Pareidolia,2
4560,embedded,2
4561,Delaware,2
4562,bondiblueos9,1
4563,Guilherme666,1
4564,penguin,1
4565,vid,1
4566,Amblyopia,8
4567,Tufts,23
4568,northbay,9
4569,Groningen,1
4570,brainteasers,1
4571,Completely_blank,1
4572,ColoradoRockies,2
4573,rdbp,26
4574,arhomu,18
4575,ADATO,5
4576,goodnewseveryone,2
4577,quilting,3
4578,atheistcomics,1
4579,pubmed,2
4580,alcoholicsanonymous,1
4581,nerdfighters,10
4582,Space4001,1
4583,BubblePorn,1
4584,rigofthemonth,17
4585,tsa,1
4586,blackflag,1
4587,biotech,1
4588,SantaClarita,12
4589,whitesox,1
4590,blogspotcommunity,41
4591,ciriclejerk,1
4592,KansasCityChiefs,101
4593,translation,1
4594,merlinbbc,11
4595,BloomingtonNormal,17
4596,mormonorgchats,9
4597,afrikaans,1
4598,teaching,30
4599,Cloud,1
4600,kimberlistar,1
4601,Eating,1
4602,paypal,1
4603,346class10,10
4604,wargames,14
4605,redit,1
4606,vintage_advertising,3
4607,govcon,1
4608,AllTheCelebs,1
4609,diving,1
4610,as3,1
4611,Top5,2
4612,DurrIsALazyFaggot,1
4613,346class10week7,3
4614,BodyAcceptance,160
4615,Dream,1
4616,shroomers,35
4617,codeprojects,1
4618,lotr,2
4619,gymnasts,1
4620,Theosophy,1
4621,lotro,23
4622,manass,51
4623,ytp,1
4624,SurveyJerk,1
4625,LabVIEW,2
4626,AnimalCollective,9
4627,craftit,139
4628,ForeverAlone,5
4629,mw2FallTourney,110
4630,snm,1
4631,centrist,1
4632,artechniques,1
4633,PFA,1
4634,customers,7
4635,Tribesnext,29
4636,idrew,2
4637,anti_intellectual,12
4638,guitarnoodles,1
4639,bybanen,1
4640,DailyShow,2
4641,IMadeThis,7
4642,arabwomen,1
4643,TraditionalGaming,6
4644,relationshipadvice,10
4645,shaving,3
4646,design_challenge,20
4647,Carpentry,1
4648,test54321,1
4649,massachusetts,1
4650,Vindictus,38
4651,bullied,3
4652,psyforum,3
4653,4_Panel_Comics,1
4654,Donyee,1
4655,confidence,1
4656,spreadsheets,9
4657,demonssouls,4
4658,evecsm,33
4659,escapisttheater,13
4660,Patriots,1
4661,piggy,1
4662,ireddit,2
4663,Huskers,9
4664,Vigilante,1
4665,WartaKatong,1
4666,bozarking,2
4667,goth,7
4668,A6a8i,2
4669,Copemans,2
4670,346class10week9,2
4671,slashat,1
4672,shmups,2
4673,RedditCarpool,1150
4674,mlb,1
4675,livechat,1
4676,RoadRage,1
4677,rambunctious,1
4678,EeePC,7
4679,flugscheibe,8
4680,LibrePensadoresMex,1
4681,mobilephones,1
4682,advancedsquadleader,1
4683,parent,1
4684,GREEK,2
4685,AmericaNextTopModel,1
4686,coupons,3
4687,aks,1
4688,mctradedepot,98
4689,FantasyFiction299,1
4690,SizzleGrove,1
4691,TPB,1
4692,ipr,2
4693,ranprieur,2
4694,NeoAnarchism,4
4695,coho,1
4696,wallingford,1
4697,podcasting,3
4698,yester,2
4699,testpostan,3
4700,CHANGEDMYLIFE,1
4701,SubredditSubreddit,1
4702,sketchshows,6
4703,CollaborationStation,10
4704,grammarwatch,32
4705,insects,1
4706,PlacetoStay,316
4707,excel,2
4708,albury,1
4709,772,1
4710,SanityCouches,66
4711,hospitalday,29
4712,CannotUnsee,4
4713,balmdone,15
4714,Demotivational,2
4715,RadicalFeminism,14
4716,Sento,1
4717,RIA3000,44
4718,RedditRomania,2
4719,TheKoreans,2
4720,ytmnders,14
4721,Environmentalism,1
4722,Dublin,2
4723,toplessbrowndudes,1
4724,WelcomeToDC,24
4725,Sandwhich,1
4726,ateosmexicanos,1
4727,calvinandhobbes,1
4728,SACKofTATERS,7
4729,FatFighters,1
4730,Fearthesanity,1
4731,SonyPS3,14
4732,Marvel,2
4733,carpool,8
4734,RedditVenture,1
4735,FructoseAndHealth,1
4736,WeAreTheCandyEaters,1
4737,AcksReddit,7
4738,zombieplans,4
4739,nude,13
4740,treescolbertmeetup,16
4741,merch,1
4742,turds,1
4743,Coolkats,3
4744,redditparody,1
4745,Scam,1
4746,MagicEye,1
4747,gambling,1
4748,RallyOrganizers,30
4749,GENIUS,1
4750,nyjets,3
4751,oldreddits,1
4752,thestoppagetimes,30
4753,Sammich,12
4754,recovery,1
4755,Reign,51
4756,crazystairs,1
4757,Agel,4
4758,hug,1
4759,RFD,1
4760,RBT,1
4761,sandwich_makers,1
4762,d3clan,1
4763,csssandbox,5
4764,Texans,16
4765,teleco,1
4766,CrohnsDisease,9
4767,techhelp,1
4768,illinoispolitics,8
4769,pagan,1
4770,CarCheckup,1
4771,hero0fwar,1
4772,TimeTravellers,1
4773,RedditFX,1
4774,drklausch,10
4775,HamRadio,1
4776,UTSA,12
4777,wildhockey,5
4778,AwesomePlaylists,1
4779,Jeopardy,16
4780,GT5,70
4781,toothbrushes,1
4782,zorlan,1
4783,Wellington,3
4784,FeedThePoorRedditors,1
4785,minecraftautest,3
4786,Bulk,1
4787,MotionDesign,6
4788,gonwild,1
4789,jamt9000,4
4790,3dporn,1
4791,stolaf,2
4792,foodbank,47
4793,PornStars,1
4794,BigfishGames,1
4795,waterpolo,2
4796,NEET,1
4797,Cows,3
4798,doublegay,21
4799,nehrim,3
4800,laptops,1
4801,48HFP,1
4802,LGBTrees,39
4803,MetaTrueReddit,1
4804,Etsy,24
4805,reavercss,1
4806,ender,14
4807,waitguys,5
4808,BoardwalkEmpire,25
4809,maru,1
4810,UAE,1
4811,dvds,1
4812,siterider,52
4813,OSOM,32
4814,lookatmysister,14
4815,OMGWTF,2
4816,Nepal,2
4817,poop,1
4818,terror,1
4819,usenet,2
4820,CarletonU,3
4821,Cartalk,77
4822,looble,5
4823,LinkinPark,4
4824,tabletop,1
4825,Supernatural,3
4826,TibiaMMO,4
4827,LibertarianSocialism,1
4828,Puscifer,2
4829,wicked_edge,58
4830,originallines,1
4831,reachclan,604
4832,dolphinfap,1
4833,gis,2
4834,istanbul,1
4835,pantyhose,2
4836,bilgisayar,1
4837,rol,2
4838,bahai,1
4839,theevent,42
4840,uwo,6
4841,saved,1
4842,isleofmisfits,6
4843,painting,1
4844,downssyndromeiscool,3
4845,washu,5
4846,vcu,3
4847,PBS,1
4848,arizonapolitics,2
4849,arizonarally,8
4850,adultswim,1
4851,fortlauderdale,32
4852,Smartphones,10
4853,arabic,1
4854,deceth,6
4855,SouthFlorida,3
4856,aliens,1
4857,wrongnumber,1
4858,pua,5
4859,garden,1
4860,palmbeach,3
4861,signs,9
4862,StreetFighter,2
4863,RunchPrans,4
4864,todayinww2,1
4865,inmemoryof,57
4866,glassart,5
4867,FuelTV,1
4868,abbotsford,2
4869,City,1
4870,Krishnamurti,1
4871,Deathcore,2
4872,socryaboutit,1
4873,rottingmultiplex,2
4874,rocketry,1
4875,RTP,1
4876,rosehulman,1
4877,UBreddit,34
4878,MovieUpdates,4
4879,highshroomery,2
4880,Pastafarian,2
4881,day9,1
4882,brass,1
4883,llama,1
4884,circlefingerbang,3
4885,makethemsmile,58
4886,Redditoria,17
4887,immobilier,1
4888,cwg,7
4889,ipsc,5
4890,liero,1
4891,p90xlog,9
4892,taijiquan,1
4893,SFA,1
4894,AirsoftGuns,1
4895,Roku,2
4896,cuba,1
4897,civ5smac,9
4898,Offline,4
4899,ChristineOFace,2
4900,Domestic,1
4901,Blacksmith,1
4902,GaryJohnson,1
4903,thai,2
4904,thermodynamics,1
4905,NSFW_Inspirational,10
4906,retrogaming,1
4907,DADA,2
4908,civ5,2
4909,Doom,1
4910,ListenToThisEddie,1
4911,snakes,1
4912,gamelibrary,28
4913,bestofcraigslist,2
4914,Newblogs,1
4915,Poetrylovers,1
4916,sideboob,2
4917,aperfectcircle,2
4918,ie9,1
4919,LoLChampcraft,4
4920,giftsservice,3
4921,RollOnFriday,1
4922,smashbros,1
4923,LondonLawNerds,1
4924,homeless,1
4925,OhmKrishna,1
4926,appleseed,3
4927,altdotstupidity,47
4928,weirdquestions,21
4929,mayonesa,1
4930,AskRedditt,1
4931,thenewmidnight,1
4932,efbc,5
4933,bronx,1
4934,MutualAid,36
4935,Shop,1
4936,PortlandRally,4
4937,ReddDeadRedemption,1
4938,gurps,1
4939,cgi,1
4940,uofmn,5
4941,AskPaige,1
4942,ChicagoHomebrewers,5
4943,bestof_Minecraft,2
4944,ClarkU,2
4945,TheShire,2
4946,noiserock,5
4947,playitforward,624
4948,repair,9
4949,anticirclejerk,2
4950,baby,1
4951,ILoveBagel,2
4952,panhandling,1
4953,MinecraftSuccession,173
4954,bing,1
4955,flattr,1
4956,UEA,1
4957,meta_music,1
4958,fictioncircus,7
4959,Deutsch,1
4960,kindness,1
4961,Development,1
4962,anarchistbookclub,6
4963,Sculpture,1
4964,treadmills,1
4965,naturism,3
4966,NaturalBeauty,1
4967,selfeducation,1
4968,games_de,1
4969,SwingDancing,1
4970,LizzyLayne,1
4971,lowbrow,3
4972,disconeckted,1
4973,CivV,1
4974,YouMakeRedditSuck,2
4975,Folj,1
4976,Mahjong,2
4977,gaygeek,55
4978,LeftWingers,3
4979,rate,1
4980,nerdcore,4
4981,FAITH,1
4982,collegensfw,1
4983,ytknowstest,3
4984,IAmWeird,28
4985,epiphanies,2
4986,mod360,1
4987,RightWingers,2
4988,nsfw_video,1
4989,RDDT,65
4990,computebazaar,19
4991,CaptchaArt,51
4992,CaptchArt,1
4993,Asexual,1
4994,trains,2
4995,img,1
4996,nescommunity,8
4997,PicsNotMemes,3
4998,orchestra,1
4999,pennstate,1
5000,UFC_MMA,1
5001,TheBugle,7
5002,Gaytheists,4
5003,BP_Gulf_Oil_Spill,12
5004,stupid_libertarians,2
5005,Cityofheroes,1
5006,videogamebabes,1
5007,ThemeSongs,1
5008,unity_tutorials,1
5009,cpslo,7
5010,BILF,3
5011,progmetal,122
5012,r0ll3rb0t,5
5013,kneesocks,2
5014,hardcorepunk,4
5015,questions,1
5016,NetflixCanada,25
5017,reeemix,1
5018,vjing,7
5019,Review,1
5020,baby_animals,2
5021,EVEOMFG,43
5022,ReefBlackstar,2
5023,films,3
5024,stockdiscussion,1
5025,DCcomics,2
5026,simutrans,3
5027,musiciansphilly,2
5028,sayyit,1
5029,mcgillastroph,1
5030,everybodyedits,1
5031,6minutestory,1
5032,replayvalue,4
5033,enlight,7
5034,kmnrinnovation,11
5035,albinoanimals,1
5036,SLO,2
5037,hinduism,7
5038,ElectJenniferMcGrath,1
5039,346class10week10,4
5040,Restricted,1
5041,igc,40
5042,JesusMyth,6
5043,leftist,3
5044,celebrityfakes,3
5045,KEXP,13
5046,headphones,2
5047,SuggestALaptop,8
5048,chroncilethegreat,2
5049,stanford,4
5050,groceryfiendscomics,1
5051,redditmotto,14
5052,Metaphysics,1
5053,somethingrandom,3
5054,mapplecraft,2
5055,Colombia,1
5056,trivia,1
5057,pjparty,6
5058,mcvgocmf,28
5059,SSDP,1
5060,ANTISHARIA,1
5061,Orgasms,1
5062,programing,2
5063,treesgonewild,47
5064,UUreddit,1
5065,cambralha,1
5066,346class10week8,1
5067,irvine,1
5068,aaargh,1
5069,LANL_Russian,2
5070,AustralianRules,5
5071,nodnodwinkwink,1
5072,NsfwPanel,1
5073,cereal,3
5074,flvmacconverter,1
5075,FuckYou,1
5076,EarlyMusic,1
5077,notorious35,20
5078,awards,1
5079,couragewolf,1
5080,flashlights,1
5081,EmploymentAssistance,56
5082,PlayBook,1
5083,mathNEWS,1
5084,reddit_fact_check,2
5085,TMBD,6
5086,CallOfDuty,9
5087,PhillyBus,15
5088,seedstock,13
5089,winstonsalem,6
5090,pornstar,1
5091,Cheese,1
5092,twincitiesmusic,27
5093,EagleScoutsOnReddit,1
5094,hats,1
5095,USCivilWar,1
5096,wp7test,3
5097,Slender_Man,12
5098,rrc,4
5099,thisShouldBeInRGuns,1
5100,trianglejerk,3
5101,yearzero,2
5102,softcore_booty,1
5103,CCW,9
5104,vimplugins,1
5105,STD,3
5106,Shoes,1
5107,mega64,1
5108,fosterit,4
5109,GoneWildPlus,70
5110,letsgetreallyinto,1
5111,redstrype,163
5112,joshdale,1
5113,250r,20
5114,indifference,3
5115,Webmaster,1
5116,religiousright,1
5117,northeastern,4
5118,425,6
5119,MArnoldNYC,1
5120,picturestories,2
5121,ILoveBlanket,1
5122,tuesdays,1
5123,tstm544,2
5124,AffluentLifestyle,1
5125,motohunt,9
5126,RioGrandeValley,3
5127,Replay2Avi,1
5128,WouldYouRather,1
5129,umanitoba,16
5130,commandline,3
5131,nanowrimo,1
5132,CapeCod,1
5133,SuperCombo,35
5134,ecoportal,1
5135,dvorak,1
5136,USMC,1
5137,Blizzcon2010,6
5138,pigdog,1
5139,Dautunuocngoai,1
5140,Northwestern,1
5141,icfpcontest,1
5142,wildcats,2
5143,wls,4
5144,Itu,1
5145,f7u12awards,17
5146,YouSuck,1
5147,taminecraft,19
5148,HumanBody,1
5149,WeMetOnReddit,2
5150,todayiforgot2,1
5151,TCU,1
5152,thestranger,1
5153,racesims,2
5154,gaybears,2
5155,MexicoIAMA,6
5156,Gays,1
5157,auction,1
5158,cruising,13
5159,VeronicaBelmont,1
5160,kendo,1
